,car_name,model_name,no_of_owner,KMS_Driven,mfg_year,colour,seating_capacity,milage,price,original_price,CNG,Diesel,Electric,Petrol
0,Honda,Amaze,1,36471,2021,14,5,19.0,9.2,7.99,0,0,0,1
1,Honda,Civic,1,29000,2019,13,5,16.5,16.9,17.02,0,0,0,1
2,Honda,Jazz,1,34356,2016,14,5,19.0,6.25,6.15,0,0,0,1
3,Maruti,Suzuki,1,32000,2017,7,5,20.5,4.25,4.48,0,0,0,1
4,Honda,Jazz,1,17847,2019,14,5,18.7,6.8,7.75,0,0,0,1
5,Maruti,Suzuki,1,10519,2021,4,5,20.52,6.8,7.75,0,0,0,1
6,Mercedes-Benz,E-Class,2,29675,2011,14,5,12.06,11.25,13.78,0,0,0,1
7,Audi,Q2,1,20000,2020,14,5,188.0,29.25,35.38,0,0,0,1
8,Honda,City,2,60621,2016,13,5,18.7,7.07,7.31,0,0,0,1
9,Hyundai,Santro,1,2963,2021,2,5,20.0,5.53,6.5,0,0,0,1
10,Hyundai,Verna,1,9434,2019,13,5,18.7,10.37,10.58,0,0,0,1
11,Toyota,Yaris,1,19785,2018,14,5,17.1,7.83,8.57,0,0,0,1
12,Honda,WR-V,1,11002,2019,7,5,17.5,8.55,8.84,0,0,0,1
13,Honda,CR-V,2,62577,2015,1,5,13.69999981,8.67,10.84,0,0,0,1
14,Tata,Altroz,1,7956,2020,7,5,19.05,7.48,6.01,0,0,0,1
15,Maruti,Suzuki,2,53092,2017,13,5,19.12,6.32,7.8,0,0,0,1
16,Maruti,Suzuki,1,47072,2017,1,5,20.5,4.76,4.37,0,0,0,1
17,Maruti,Suzuki,1,37333,2017,14,5,20.5,4.57,4.44,0,0,0,1
18,Volkswagen,Ameo,2,64500,2016,10,5,17.83,4.1,4.87,0,0,0,1
19,Maruti,Suzuki,1,29453,2021,7,6,19.01,10.75,10.7,0,0,0,1
20,Honda,CR-V,1,29000,2015,13,5,18.7,23.0,23.6,0,0,0,1
21,Hyundai,Grand,1,23000,2017,14,5,19.77,4.4,4.63,0,0,0,1
22,Kia,Sonet,1,14405,2021,13,5,18.2,11.0,9.42,0,0,0,1
23,Maruti,Suzuki,1,11736,2018,2,5,22.0,6.35,6.52,0,0,0,1
24,Maruti,Suzuki,1,47072,2017,1,5,20.5,4.76,4.37,0,0,0,1
25,Honda,City,2,60621,2016,13,5,18.7,7.07,7.31,0,0,0,1
26,Toyota,Yaris,1,19785,2018,14,5,17.1,7.83,8.57,0,0,0,1
27,Honda,CR-V,2,62577,2015,1,5,13.69999981,8.67,10.84,0,0,0,1
28,Tata,Altroz,1,7956,2020,7,5,19.05,7.48,6.01,0,0,0,1
29,Maruti,Suzuki,2,53092,2017,13,5,19.12,6.32,7.8,0,0,0,1
30,Hyundai,Santro,1,2963,2021,2,5,20.0,5.53,6.5,0,0,0,1
31,Hyundai,Verna,1,9434,2019,13,5,18.7,10.37,10.58,0,0,0,1
32,Hyundai,i20,1,13616,2014,10,5,18.15,4.97,4.57,0,0,0,1
33,Maruti,Suzuki,2,31000,2017,2,5,19.12,6.95,7.47,0,0,0,1
34,Ford,Fiesta,1,31575,2011,13,5,11.7,1.95,2.29,0,0,0,1
35,Maruti,Suzuki,1,20300,2020,14,6,19.01,10.99,10.21,0,0,0,1
36,Honda,Jazz,1,17847,2019,14,5,18.7,6.8,7.75,0,0,0,1
37,Audi,Q2,1,20000,2020,14,5,188.0,29.25,35.38,0,0,0,1
38,Honda,City,2,60621,2016,13,5,18.7,7.07,7.31,0,0,0,1
39,Hyundai,Santro,1,2963,2021,2,5,20.0,5.53,6.5,0,0,0,1
40,Hyundai,Verna,1,9434,2019,13,5,18.7,10.37,10.58,0,0,0,1
41,Toyota,Yaris,1,19785,2018,14,5,17.1,7.83,8.57,0,0,0,1
42,Honda,WR-V,1,11002,2019,7,5,17.5,8.55,8.84,0,0,0,1
43,Honda,CR-V,2,62577,2015,1,5,13.69999981,8.67,10.84,0,0,0,1
44,Tata,Altroz,1,7956,2020,7,5,19.05,7.48,6.01,0,0,0,1
45,Maruti,Suzuki,2,53092,2017,13,5,19.12,6.32,7.8,0,0,0,1
46,Maruti,Suzuki,1,47072,2017,1,5,20.5,4.76,4.37,0,0,0,1
47,Maruti,Suzuki,1,37333,2017,14,5,20.5,4.57,4.44,0,0,0,1
48,Volkswagen,Ameo,2,64500,2016,10,5,17.83,4.1,4.87,0,0,0,1
49,Honda,City,3,61000,2014,12,5,18.7,4.65,5.17,0,0,0,1
50,Hyundai,Venue,1,35529,2019,14,5,18.15,10.5,10.56,0,0,0,1
51,Maruti,Suzuki,1,32946,2020,4,5,20.52,10.5,10.56,0,0,0,1
52,Hyundai,Verna,1,51235,2014,13,5,18.7,5.95,5.8,0,0,0,1
53,Maruti,Suzuki,1,11736,2018,2,5,22.0,6.35,6.52,0,0,0,1
54,Maruti,Suzuki,1,10519,2021,4,5,20.52,6.8,7.75,0,0,0,1
55,Mercedes-Benz,E-Class,2,29675,2011,14,5,12.06,11.25,13.78,0,0,0,1
56,Hyundai,Verna,1,9434,2019,13,5,18.7,10.37,10.58,0,0,0,1
57,Honda,CR-V,2,62577,2015,1,5,13.69999981,8.67,10.84,0,0,0,1
58,Tata,Altroz,1,7956,2020,7,5,19.05,7.48,6.01,0,0,0,1
59,Hyundai,Santro,1,2963,2021,2,5,20.0,5.53,6.5,0,0,0,1
60,Toyota,Yaris,1,19785,2018,14,5,17.1,7.83,8.57,0,0,0,1
61,Honda,WR-V,1,11002,2019,7,5,17.5,8.55,8.84,0,0,0,1
62,Maruti,Suzuki,1,47072,2017,1,5,20.5,4.76,4.37,0,0,0,1
63,Maruti,Suzuki,1,37333,2017,14,5,20.5,4.57,4.44,0,0,0,1
64,Ford,EcoSport,2,18014,2019,10,5,17.0,8.53,8.16,0,0,0,1
65,Hyundai,Venue,1,35529,2019,14,5,18.15,10.5,10.56,0,0,0,1
66,Honda,Amaze,1,36471,2021,14,5,19.0,9.2,7.99,0,0,0,1
67,Datsun,redi-GO,1,1413,2019,13,5,22.7,2.95,3.38,0,0,0,1
68,Hyundai,Grand,1,23000,2017,14,5,19.77,4.4,4.63,0,0,0,1
69,Hyundai,Venue,1,16111,2019,14,5,18.2,9.95,9.92,0,0,0,1
70,Maruti,Suzuki,1,11736,2018,2,5,22.0,6.35,6.52,0,0,0,1
71,Maruti,Suzuki,1,10519,2021,4,5,20.52,6.8,7.75,0,0,0,1
72,Mercedes-Benz,E-Class,2,29675,2011,14,5,12.06,11.25,13.78,0,0,0,1
73,Audi,Q2,1,20000,2020,14,5,188.0,29.25,35.38,0,0,0,1
74,Maruti,Suzuki,1,37333,2017,14,5,20.5,4.57,4.44,0,0,0,1
75,Honda,City,2,60621,2016,13,5,18.7,7.07,7.31,0,0,0,1
76,Honda,WR-V,1,11002,2019,7,5,17.5,8.55,8.84,0,0,0,1
77,Honda,CR-V,2,62577,2015,1,5,13.69999981,8.67,10.84,0,0,0,1
78,Tata,Altroz,1,7956,2020,7,5,19.05,7.48,6.01,0,0,0,1
79,Maruti,Suzuki,2,53092,2017,13,5,19.12,6.32,7.8,0,0,0,1
80,Hyundai,Santro,1,2963,2021,2,5,20.0,5.53,6.5,0,0,0,1
81,Hyundai,Verna,1,9434,2019,13,5,18.7,10.37,10.58,0,0,0,1
82,Hyundai,i20,1,13616,2014,10,5,18.15,4.97,4.57,0,0,0,1
83,Maruti,Suzuki,1,49000,2016,12,5,21.4,5.45,5.76,0,0,0,1
84,Maruti,Suzuki,1,11736,2018,2,5,22.0,6.35,6.52,0,0,0,1
85,Honda,Jazz,1,17847,2019,14,5,18.7,6.8,7.75,0,0,0,1
86,Maruti,Suzuki,1,10519,2021,4,5,20.52,6.8,7.75,0,0,0,1
87,Mercedes-Benz,E-Class,2,29675,2011,14,5,12.06,11.25,13.78,0,0,0,1
88,Audi,Q2,1,20000,2020,14,5,188.0,29.25,35.38,0,0,0,1
89,Hyundai,Santro,1,2963,2021,2,5,20.0,5.53,6.5,0,0,0,1
90,Toyota,Yaris,1,19785,2018,14,5,17.1,7.83,8.57,0,0,0,1
91,Honda,WR-V,1,11002,2019,7,5,17.5,8.55,8.84,0,0,0,1
92,Hyundai,Verna,1,9434,2019,13,5,18.7,10.37,10.58,0,0,0,1
93,Honda,City,2,60621,2016,13,5,18.7,7.07,7.31,0,0,0,1
94,Honda,CR-V,2,62577,2015,1,5,13.69999981,8.67,10.84,0,0,0,1
95,Maruti,Suzuki,2,53092,2017,13,5,19.12,6.32,7.8,0,0,0,1
96,Maruti,Suzuki,1,47072,2017,1,5,20.5,4.76,4.37,0,0,0,1
97,Maruti,Suzuki,1,37333,2017,14,5,20.5,4.57,4.44,0,0,0,1
98,Maruti,Suzuki,1,11736,2018,2,5,22.0,6.35,6.52,0,0,0,1
99,Honda,Civic,1,29000,2019,13,5,16.5,16.9,17.02,0,0,0,1
100,Maruti,Suzuki,1,27585,2017,2,5,23.1,4.95,4.51,0,0,0,1
101,Honda,City,1,60381,2015,7,5,18.7,6.5,6.78,0,0,0,1
102,Mercedes-Benz,SLK-Class,2,52000,2010,14,2,7.6,23.0,21.43,0,0,0,1
103,Honda,Jazz,1,17847,2019,14,5,18.7,6.8,7.75,0,0,0,1
104,Mercedes-Benz,E-Class,2,29675,2011,14,5,12.06,11.25,13.78,0,0,0,1
105,Audi,Q2,1,20000,2020,14,5,188.0,29.25,35.38,0,0,0,1
106,Honda,City,2,60621,2016,13,5,18.7,7.07,7.31,0,0,0,1
107,Hyundai,Santro,1,2963,2021,2,5,20.0,5.53,6.5,0,0,0,1
108,Hyundai,Verna,1,9434,2019,13,5,18.7,10.37,10.58,0,0,0,1
109,Toyota,Yaris,1,19785,2018,14,5,17.1,7.83,8.57,0,0,0,1
110,Honda,WR-V,1,11002,2019,7,5,17.5,8.55,8.84,0,0,0,1
111,Tata,Altroz,1,7956,2020,7,5,19.05,7.48,6.01,0,0,0,1
112,Maruti,Suzuki,2,53092,2017,13,5,19.12,6.32,7.8,0,0,0,1
113,Maruti,Suzuki,1,47072,2017,1,5,20.5,4.76,4.37,0,0,0,1
114,Maruti,Suzuki,1,37333,2017,14,5,20.5,4.57,4.44,0,0,0,1
115,Volkswagen,Ameo,2,64500,2016,10,5,17.83,4.1,4.87,0,0,0,1
116,Hyundai,Elite,1,59235,2015,2,5,18.6,4.99,5.35,0,0,0,1
117,Skoda,Superb,1,44000,2017,14,5,14.81,17.5,21.12,0,0,0,1
118,Hyundai,Grand,1,23000,2017,14,5,19.77,4.4,4.63,0,0,0,1
119,Maruti,Suzuki,1,11736,2018,2,5,22.0,6.35,6.52,0,0,0,1
120,Honda,Jazz,1,17847,2019,14,5,18.7,6.8,7.75,0,0,0,1
121,Maruti,Suzuki,1,10519,2021,4,5,20.52,6.8,7.75,0,0,0,1
122,Mercedes-Benz,E-Class,2,29675,2011,14,5,12.06,11.25,13.78,0,0,0,1
123,Audi,Q2,1,20000,2020,14,5,188.0,29.25,35.38,0,0,0,1
124,Toyota,Yaris,1,19785,2018,14,5,17.1,7.83,8.57,0,0,0,1
125,Honda,WR-V,1,11002,2019,7,5,17.5,8.55,8.84,0,0,0,1
126,Honda,City,2,60621,2016,13,5,18.7,7.07,7.31,0,0,0,1
127,Honda,CR-V,2,62577,2015,1,5,13.69999981,8.67,10.84,0,0,0,1
128,Maruti,Suzuki,2,53092,2017,13,5,19.12,6.32,7.8,0,0,0,1
129,Maruti,Suzuki,1,37333,2017,14,5,20.5,4.57,4.44,0,0,0,1
130,Hyundai,i20,1,13616,2014,10,5,18.15,4.97,4.57,0,0,0,1
131,Maruti,Suzuki,1,41000,2017,2,5,21.4,5.91,6.89,0,0,0,1
132,Hyundai,Elite,1,20285,2017,12,5,18.6,5.91,6.01,0,0,0,1
133,Maruti,Suzuki,1,49000,2016,12,5,21.4,5.45,5.76,0,0,0,1
134,Mercedes-Benz,C-Class,2,61475,2015,1,5,14.74,22.75,21.06,0,0,0,1
135,Honda,City,2,63000,2014,14,5,18.7,4.75,5.36,0,0,0,1
136,Maruti,Suzuki,1,11736,2018,2,5,22.0,6.35,6.52,0,0,0,1
137,Honda,Jazz,1,17847,2019,14,5,18.7,6.8,7.75,0,0,0,1
138,Maruti,Suzuki,1,10519,2021,4,5,20.52,6.8,7.75,0,0,0,1
139,Mercedes-Benz,E-Class,2,29675,2011,14,5,12.06,11.25,13.78,0,0,0,1
140,Audi,Q2,1,20000,2020,14,5,188.0,29.25,35.38,0,0,0,1
141,Hyundai,Verna,1,9434,2019,13,5,18.7,10.37,10.58,0,0,0,1
142,Tata,Altroz,1,7956,2020,7,5,19.05,7.48,6.01,0,0,0,1
143,Maruti,Suzuki,2,53092,2017,13,5,19.12,6.32,7.8,0,0,0,1
144,Hyundai,Santro,1,2963,2021,2,5,20.0,5.53,6.5,0,0,0,1
145,Toyota,Yaris,1,19785,2018,14,5,17.1,7.83,8.57,0,0,0,1
146,Honda,WR-V,1,11002,2019,7,5,17.5,8.55,8.84,0,0,0,1
147,Maruti,Suzuki,1,47072,2017,1,5,20.5,4.76,4.37,0,0,0,1
148,Maruti,Suzuki,1,37333,2017,14,5,20.5,4.57,4.44,0,0,0,1
149,Hyundai,i20,1,13616,2014,10,5,18.15,4.97,4.57,0,0,0,1
150,Ford,EcoSport,2,18014,2019,10,5,17.0,8.53,8.16,0,0,0,1
151,Maruti,Suzuki,1,41000,2017,2,5,21.4,5.91,6.89,0,0,0,1
152,Honda,City,1,35000,2016,7,5,18.7,6.99,7.22,0,0,0,1
153,Hyundai,Elite,1,59235,2015,2,5,18.6,4.99,5.35,0,0,0,1
154,Honda,City,1,53000,2016,7,5,18.7,7.75,7.58,0,0,0,1
155,Hyundai,Grand,1,23000,2017,14,5,19.77,4.4,4.63,0,0,0,1
156,Ford,Fiesta,1,31575,2011,13,5,11.7,1.95,2.29,0,0,0,1
157,Maruti,Suzuki,1,11736,2018,2,5,22.0,6.35,6.52,0,0,0,1
158,Maruti,Suzuki,1,10519,2021,4,5,20.52,6.8,7.75,0,0,0,1
159,Audi,Q2,1,20000,2020,14,5,188.0,29.25,35.38,0,0,0,1
160,Honda,City,2,60621,2016,13,5,18.7,7.07,7.31,0,0,0,1
161,Toyota,Yaris,1,19785,2018,14,5,17.1,7.83,8.57,0,0,0,1
162,Honda,WR-V,1,11002,2019,7,5,17.5,8.55,8.84,0,0,0,1
163,Tata,Altroz,1,7956,2020,7,5,19.05,7.48,6.01,0,0,0,1
164,Maruti,Suzuki,2,53092,2017,13,5,19.12,6.32,7.8,0,0,0,1
165,Maruti,Suzuki,1,37333,2017,14,5,20.5,4.57,4.44,0,0,0,1
166,Mercedes-Benz,E-Class,2,31267,2017,14,5,12.06,41.0,37.03,0,0,0,1
167,Honda,All,1,8624,2022,14,5,18.4,13.65,12.87,0,0,0,1
168,Maruti,Suzuki,1,11736,2018,2,5,22.0,6.35,6.52,0,0,0,1
169,Honda,Jazz,1,17847,2019,14,5,18.7,6.8,7.75,0,0,0,1
170,Mercedes-Benz,E-Class,2,29675,2011,14,5,12.06,11.25,13.78,0,0,0,1
171,Audi,Q2,1,20000,2020,14,5,188.0,29.25,35.38,0,0,0,1
172,Hyundai,Santro,1,2963,2021,2,5,20.0,5.53,6.5,0,0,0,1
173,Toyota,Yaris,1,19785,2018,14,5,17.1,7.83,8.57,0,0,0,1
174,Honda,WR-V,1,11002,2019,7,5,17.5,8.55,8.84,0,0,0,1
175,Hyundai,Verna,1,9434,2019,13,5,18.7,10.37,10.58,0,0,0,1
176,Honda,City,2,60621,2016,13,5,18.7,7.07,7.31,0,0,0,1
177,Honda,CR-V,2,62577,2015,1,5,13.69999981,8.67,10.84,0,0,0,1
178,Tata,Altroz,1,7956,2020,7,5,19.05,7.48,6.01,0,0,0,1
179,Maruti,Suzuki,2,53092,2017,13,5,19.12,6.32,7.8,0,0,0,1
180,Maruti,Suzuki,1,47072,2017,1,5,20.5,4.76,4.37,0,0,0,1
181,Maruti,Suzuki,1,37333,2017,14,5,20.5,4.57,4.44,0,0,0,1
182,Hyundai,i20,1,13616,2014,10,5,18.15,4.97,4.57,0,0,0,1
183,Volkswagen,Taigun,1,780,2022,7,5,178.0,18.0,16.41,0,0,0,1
184,Honda,City,1,22000,2018,4,5,18.7,7.75,8.87,0,0,0,1
185,Honda,Brio,2,33000,2014,12,5,19.4,3.25,3.79,0,0,0,1
186,Hyundai,Grand,1,23000,2017,14,5,19.77,4.4,4.63,0,0,0,1
187,Honda,Amaze,1,36471,2021,14,5,19.0,9.2,7.99,0,0,0,1
188,Maruti,Suzuki,1,11736,2018,2,5,22.0,6.35,6.52,0,0,0,1
189,Honda,Jazz,1,17847,2019,14,5,18.7,6.8,7.75,0,0,0,1
190,Maruti,Suzuki,1,10519,2021,4,5,20.52,6.8,7.75,0,0,0,1
191,Mercedes-Benz,E-Class,2,29675,2011,14,5,12.06,11.25,13.78,0,0,0,1
192,Audi,Q2,1,20000,2020,14,5,188.0,29.25,35.38,0,0,0,1
193,Hyundai,Verna,1,9434,2019,13,5,18.7,10.37,10.58,0,0,0,1
194,Honda,CR-V,2,62577,2015,1,5,13.69999981,8.67,10.84,0,0,0,1
195,Tata,Altroz,1,7956,2020,7,5,19.05,7.48,6.01,0,0,0,1
196,Hyundai,Santro,1,2963,2021,2,5,20.0,5.53,6.5,0,0,0,1
197,Toyota,Yaris,1,19785,2018,14,5,17.1,7.83,8.57,0,0,0,1
198,Maruti,Suzuki,1,47072,2017,1,5,20.5,4.76,4.37,0,0,0,1
199,Maruti,Suzuki,1,37333,2017,14,5,20.5,4.57,4.44,0,0,0,1
200,Hyundai,i20,1,13616,2014,10,5,18.15,4.97,4.57,0,0,0,1
201,Ford,EcoSport,2,18014,2019,10,5,17.0,8.53,8.16,0,0,0,1
202,Renault,Kwid,1,2070,2020,13,5,23.01,4.65,4.02,0,0,0,1
203,Ford,Fiesta,1,31575,2011,13,5,11.7,1.95,2.29,0,0,0,1
204,Honda,City,1,60381,2015,7,5,18.7,6.5,6.78,0,0,0,1
205,Hyundai,Elite,1,59235,2015,2,5,18.6,4.99,5.35,0,0,0,1
206,Hyundai,Grand,1,23000,2017,14,5,19.77,4.4,4.63,0,0,0,1
207,Maruti,Suzuki,1,27800,2017,7,5,23.1,3.9,4.57,0,0,0,1
208,Toyota,Camry,1,18500,2021,1,5,19.16,41.75,36.79,0,0,0,1
209,Maruti,Suzuki,1,11736,2018,2,5,22.0,6.35,6.52,0,0,0,1
210,Honda,Jazz,1,17847,2019,14,5,18.7,6.8,7.75,0,0,0,1
211,Maruti,Suzuki,1,10519,2021,4,5,20.52,6.8,7.75,0,0,0,1
212,Mercedes-Benz,E-Class,2,29675,2011,14,5,12.06,11.25,13.78,0,0,0,1
213,Audi,Q2,1,20000,2020,14,5,188.0,29.25,35.38,0,0,0,1
214,Maruti,Suzuki,1,47072,2017,1,5,20.5,4.76,4.37,0,0,0,1
215,Maruti,Suzuki,1,37333,2017,14,5,20.5,4.57,4.44,0,0,0,1
216,Toyota,Yaris,1,19785,2018,14,5,17.1,7.83,8.57,0,0,0,1
217,Honda,WR-V,1,11002,2019,7,5,17.5,8.55,8.84,0,0,0,1
218,Honda,CR-V,2,62577,2015,1,5,13.69999981,8.67,10.84,0,0,0,1
219,Tata,Altroz,1,7956,2020,7,5,19.05,7.48,6.01,0,0,0,1
220,Maruti,Suzuki,2,53092,2017,13,5,19.12,6.32,7.8,0,0,0,1
221,Hyundai,Santro,1,2963,2021,2,5,20.0,5.53,6.5,0,0,0,1
222,Hyundai,Verna,1,9434,2019,13,5,18.7,10.37,10.58,0,0,0,1
223,Hyundai,i20,1,13616,2014,10,5,18.15,4.97,4.57,0,0,0,1
224,Audi,A4,1,13575,2021,14,5,188.0,42.0,43.45,0,0,0,1
225,Maruti,Suzuki,1,27800,2017,7,5,23.1,3.9,4.57,0,0,0,1
226,Maruti,Suzuki,1,11736,2018,2,5,22.0,6.35,6.52,0,0,0,1
227,Honda,Jazz,1,17847,2019,14,5,18.7,6.8,7.75,0,0,0,1
228,Maruti,Suzuki,1,10519,2021,4,5,20.52,6.8,7.75,0,0,0,1
229,Audi,Q2,1,20000,2020,14,5,188.0,29.25,35.38,0,0,0,1
230,Honda,City,2,60621,2016,13,5,18.7,7.07,7.31,0,0,0,1
231,Toyota,Yaris,1,19785,2018,14,5,17.1,7.83,8.57,0,0,0,1
232,Honda,CR-V,2,62577,2015,1,5,13.69999981,8.67,10.84,0,0,0,1
233,Tata,Altroz,1,7956,2020,7,5,19.05,7.48,6.01,0,0,0,1
234,Maruti,Suzuki,2,53092,2017,13,5,19.12,6.32,7.8,0,0,0,1
235,Maruti,Suzuki,1,47072,2017,1,5,20.5,4.76,4.37,0,0,0,1
236,Honda,All,1,4642,2022,14,5,145.0,14.25,13.47,0,0,0,1
237,BMW,7,1,6200,2022,2,5,335.0,1.28,1.52,0,0,0,1
238,Honda,Civic,1,29000,2019,13,5,16.5,16.9,17.02,0,0,0,1
239,Hyundai,Elite,1,59235,2015,2,5,18.6,4.99,5.35,0,0,0,1
240,Maruti,Suzuki,1,27585,2017,2,5,23.1,4.95,4.51,0,0,0,1
241,Maruti,Suzuki,1,32000,2018,7,5,23.2,6.95,6.68,0,0,0,1
242,Maruti,Suzuki,1,11736,2018,2,5,22.0,6.35,6.52,0,0,0,1
243,Honda,Jazz,1,17847,2019,14,5,18.7,6.8,7.75,0,0,0,1
244,Maruti,Suzuki,1,10519,2021,4,5,20.52,6.8,7.75,0,0,0,1
245,Mercedes-Benz,E-Class,2,29675,2011,14,5,12.06,11.25,13.78,0,0,0,1
246,Audi,Q2,1,20000,2020,14,5,188.0,29.25,35.38,0,0,0,1
247,Honda,City,2,60621,2016,13,5,18.7,7.07,7.31,0,0,0,1
248,Hyundai,Santro,1,2963,2021,2,5,20.0,5.53,6.5,0,0,0,1
249,Hyundai,Verna,1,9434,2019,13,5,18.7,10.37,10.58,0,0,0,1
250,Toyota,Yaris,1,19785,2018,14,5,17.1,7.83,8.57,0,0,0,1
251,Honda,WR-V,1,11002,2019,7,5,17.5,8.55,8.84,0,0,0,1
252,Honda,CR-V,2,62577,2015,1,5,13.69999981,8.67,10.84,0,0,0,1
253,Tata,Altroz,1,7956,2020,7,5,19.05,7.48,6.01,0,0,0,1
254,Maruti,Suzuki,2,53092,2017,13,5,19.12,6.32,7.8,0,0,0,1
255,Maruti,Suzuki,1,47072,2017,1,5,20.5,4.76,4.37,0,0,0,1
256,Maruti,Suzuki,1,37333,2017,14,5,20.5,4.57,4.44,0,0,0,1
257,Volkswagen,Ameo,2,64500,2016,10,5,17.83,4.1,4.87,0,0,0,1
258,Hyundai,Elite,2,23025,2016,14,5,18.6,5.65,6.06,0,0,0,1
259,Honda,City,2,63000,2014,14,5,18.7,4.75,5.36,0,0,0,1
260,Mercedes-Benz,E-Class,2,31267,2017,14,5,12.06,41.0,37.03,0,0,0,1
261,Honda,Jazz,1,17847,2019,14,5,18.7,6.8,7.75,0,0,0,1
262,Maruti,Suzuki,1,10519,2021,4,5,20.52,6.8,7.75,0,0,0,1
263,Mercedes-Benz,E-Class,2,29675,2011,14,5,12.06,11.25,13.78,0,0,0,1
264,Audi,Q2,1,20000,2020,14,5,188.0,29.25,35.38,0,0,0,1
265,Hyundai,Santro,1,2963,2021,2,5,20.0,5.53,6.5,0,0,0,1
266,Toyota,Yaris,1,19785,2018,14,5,17.1,7.83,8.57,0,0,0,1
267,Honda,WR-V,1,11002,2019,7,5,17.5,8.55,8.84,0,0,0,1
268,Hyundai,Verna,1,9434,2019,13,5,18.7,10.37,10.58,0,0,0,1
269,Honda,City,2,60621,2016,13,5,18.7,7.07,7.31,0,0,0,1
270,Honda,CR-V,2,62577,2015,1,5,13.69999981,8.67,10.84,0,0,0,1
271,Tata,Altroz,1,7956,2020,7,5,19.05,7.48,6.01,0,0,0,1
272,Maruti,Suzuki,2,53092,2017,13,5,19.12,6.32,7.8,0,0,0,1
273,Maruti,Suzuki,1,47072,2017,1,5,20.5,4.76,4.37,0,0,0,1
274,Maruti,Suzuki,1,37333,2017,14,5,20.5,4.57,4.44,0,0,0,1
275,Hyundai,i20,1,13616,2014,10,5,18.15,4.97,4.57,0,0,0,1
276,Kia,Sonet,1,14405,2021,13,5,18.2,11.0,9.42,0,0,0,1
277,Honda,Jazz,1,23200,2017,13,5,18.7,5.65,6.85,0,0,0,1
278,Maruti,Suzuki,1,11736,2018,2,5,22.0,6.35,6.52,0,0,0,1
279,Honda,Jazz,1,17847,2019,14,5,18.7,6.8,7.75,0,0,0,1
280,Maruti,Suzuki,1,10519,2021,4,5,20.52,6.8,7.75,0,0,0,1
281,Mercedes-Benz,E-Class,2,29675,2011,14,5,12.06,11.25,13.78,0,0,0,1
282,Audi,Q2,1,20000,2020,14,5,188.0,29.25,35.38,0,0,0,1
283,Hyundai,Santro,1,2963,2021,2,5,20.0,5.53,6.5,0,0,0,1
284,Toyota,Yaris,1,19785,2018,14,5,17.1,7.83,8.57,0,0,0,1
285,Honda,WR-V,1,11002,2019,7,5,17.5,8.55,8.84,0,0,0,1
286,Hyundai,Verna,1,9434,2019,13,5,18.7,10.37,10.58,0,0,0,1
287,Honda,City,2,60621,2016,13,5,18.7,7.07,7.31,0,0,0,1
288,Honda,CR-V,2,62577,2015,1,5,13.69999981,8.67,10.84,0,0,0,1
289,Tata,Altroz,1,7956,2020,7,5,19.05,7.48,6.01,0,0,0,1
290,Maruti,Suzuki,2,53092,2017,13,5,19.12,6.32,7.8,0,0,0,1
291,Maruti,Suzuki,1,47072,2017,1,5,20.5,4.76,4.37,0,0,0,1
292,Maruti,Suzuki,1,37333,2017,14,5,20.5,4.57,4.44,0,0,0,1
293,Hyundai,Elite,1,59235,2015,2,5,18.6,4.99,5.35,0,0,0,1
294,Maruti,Suzuki,1,13000,2017,7,5,18.7,5.65,5.89,0,0,0,1
295,Volkswagen,Taigun,1,780,2022,7,5,178.0,18.0,16.41,0,0,0,1
296,MG,Hector,1,17000,2020,14,6,18.7,18.0,18.72,0,0,0,1
297,Hyundai,Creta,1,40789,2018,14,5,15.29,10.6,11.8,0,0,0,1
298,Maruti,Suzuki,1,11736,2018,2,5,22.0,6.35,6.52,0,0,0,1
299,Honda,Jazz,1,17847,2019,14,5,18.7,6.8,7.75,0,0,0,1
300,Maruti,Suzuki,1,10519,2021,4,5,20.52,6.8,7.75,0,0,0,1
301,Mercedes-Benz,E-Class,2,29675,2011,14,5,12.06,11.25,13.78,0,0,0,1
302,Audi,Q2,1,20000,2020,14,5,188.0,29.25,35.38,0,0,0,1
303,Honda,City,2,60621,2016,13,5,18.7,7.07,7.31,0,0,0,1
304,Hyundai,Santro,1,2963,2021,2,5,20.0,5.53,6.5,0,0,0,1
305,Hyundai,Verna,1,9434,2019,13,5,18.7,10.37,10.58,0,0,0,1
306,Toyota,Yaris,1,19785,2018,14,5,17.1,7.83,8.57,0,0,0,1
307,Honda,WR-V,1,11002,2019,7,5,17.5,8.55,8.84,0,0,0,1
308,Honda,CR-V,2,62577,2015,1,5,13.69999981,8.67,10.84,0,0,0,1
309,Tata,Altroz,1,7956,2020,7,5,19.05,7.48,6.01,0,0,0,1
310,Maruti,Suzuki,1,47072,2017,1,5,20.5,4.76,4.37,0,0,0,1
311,Maruti,Suzuki,1,37333,2017,14,5,20.5,4.57,4.44,0,0,0,1
312,Honda,All,1,4642,2022,14,5,145.0,14.25,13.47,0,0,0,1
313,Maruti,Suzuki,1,32946,2020,4,5,20.52,5.59,6.41,0,0,0,1
314,Maruti,Suzuki,1,13000,2017,7,5,18.7,5.65,5.89,0,0,0,1
315,Honda,Jazz,1,34356,2016,14,5,19.0,6.25,6.15,0,0,0,1
316,Kia,Sonet,1,14405,2021,13,5,18.2,11.0,9.42,0,0,0,1
317,Maruti,Suzuki,1,11736,2018,2,5,22.0,6.35,6.52,0,0,0,1
318,Honda,Jazz,1,17847,2019,14,5,18.7,6.8,7.75,0,0,0,1
319,Audi,Q2,1,20000,2020,14,5,188.0,29.25,35.38,0,0,0,1
320,Honda,City,2,60621,2016,13,5,18.7,7.07,7.31,0,0,0,1
321,Hyundai,Santro,1,2963,2021,2,5,20.0,5.53,6.5,0,0,0,1
322,Hyundai,Verna,1,9434,2019,13,5,18.7,10.37,10.58,0,0,0,1
323,Toyota,Yaris,1,19785,2018,14,5,17.1,7.83,8.57,0,0,0,1
324,Honda,WR-V,1,11002,2019,7,5,17.5,8.55,8.84,0,0,0,1
325,Honda,CR-V,2,62577,2015,1,5,13.69999981,8.67,10.84,0,0,0,1
326,Tata,Altroz,1,7956,2020,7,5,19.05,7.48,6.01,0,0,0,1
327,Maruti,Suzuki,2,53092,2017,13,5,19.12,6.32,7.8,0,0,0,1
328,Maruti,Suzuki,1,47072,2017,1,5,20.5,4.76,4.37,0,0,0,1
329,Maruti,Suzuki,1,37333,2017,14,5,20.5,4.57,4.44,0,0,0,1
330,Honda,All,1,4642,2022,14,5,145.0,14.25,13.47,0,0,0,1
331,Renault,Kwid,1,2070,2020,13,5,23.01,4.65,4.02,0,0,0,1
332,Maruti,Suzuki,1,41000,2017,2,5,21.4,5.91,6.89,0,0,0,1
333,Hyundai,Elite,2,23025,2016,14,5,18.6,5.65,6.06,0,0,0,1
334,Honda,Jazz,1,17847,2019,14,5,18.7,6.8,7.75,0,0,0,1
335,Maruti,Suzuki,1,10519,2021,4,5,20.52,6.8,7.75,0,0,0,1
336,Mercedes-Benz,E-Class,2,29675,2011,14,5,12.06,11.25,13.78,0,0,0,1
337,Audi,Q2,1,20000,2020,14,5,188.0,29.25,35.38,0,0,0,1
338,Honda,City,2,60621,2016,13,5,18.7,7.07,7.31,0,0,0,1
339,Hyundai,Santro,1,2963,2021,2,5,20.0,5.53,6.5,0,0,0,1
340,Hyundai,Verna,1,9434,2019,13,5,18.7,10.37,10.58,0,0,0,1
341,Toyota,Yaris,1,19785,2018,14,5,17.1,7.83,8.57,0,0,0,1
342,Honda,WR-V,1,11002,2019,7,5,17.5,8.55,8.84,0,0,0,1
343,Honda,CR-V,2,62577,2015,1,5,13.69999981,8.67,10.84,0,0,0,1
344,Tata,Altroz,1,7956,2020,7,5,19.05,7.48,6.01,0,0,0,1
345,Maruti,Suzuki,2,53092,2017,13,5,19.12,6.32,7.8,0,0,0,1
346,Maruti,Suzuki,1,47072,2017,1,5,20.5,4.76,4.37,0,0,0,1
347,Maruti,Suzuki,1,37333,2017,14,5,20.5,4.57,4.44,0,0,0,1
348,Honda,All,1,4642,2022,14,5,145.0,14.25,13.47,0,0,0,1
349,Hyundai,i20,1,13616,2014,10,5,18.15,4.97,4.57,0,0,0,1
350,Datsun,redi-GO,1,1413,2019,13,5,22.7,2.95,3.38,0,0,0,1
351,Toyota,Camry,1,18500,2021,1,5,19.16,41.75,36.79,0,0,0,1
352,Tata,Tiago,1,41407,2018,7,5,23.84,4.65,4.96,0,0,0,1
353,Toyota,Corolla,1,79000,2013,13,5,14.36,4.85,4.92,0,0,0,1
354,Maruti,Suzuki,1,11736,2018,2,5,22.0,6.35,6.52,0,0,0,1
355,Honda,Jazz,1,17847,2019,14,5,18.7,6.8,7.75,0,0,0,1
356,Maruti,Suzuki,1,10519,2021,4,5,20.52,6.8,7.75,0,0,0,1
357,Mercedes-Benz,E-Class,2,29675,2011,14,5,12.06,11.25,13.78,0,0,0,1
358,Audi,Q2,1,20000,2020,14,5,188.0,29.25,35.38,0,0,0,1
359,Maruti,Suzuki,1,47072,2017,1,5,20.5,4.76,4.37,0,0,0,1
360,Honda,City,2,60621,2016,13,5,18.7,7.07,7.31,0,0,0,1
361,Toyota,Yaris,1,19785,2018,14,5,17.1,7.83,8.57,0,0,0,1
362,Honda,WR-V,1,11002,2019,7,5,17.5,8.55,8.84,0,0,0,1
363,Honda,CR-V,2,62577,2015,1,5,13.69999981,8.67,10.84,0,0,0,1
364,Tata,Altroz,1,7956,2020,7,5,19.05,7.48,6.01,0,0,0,1
365,Maruti,Suzuki,2,53092,2017,13,5,19.12,6.32,7.8,0,0,0,1
366,Hyundai,Santro,1,2963,2021,2,5,20.0,5.53,6.5,0,0,0,1
367,Hyundai,Verna,1,9434,2019,13,5,18.7,10.37,10.58,0,0,0,1
368,Hyundai,i20,1,13616,2014,10,5,18.15,4.97,4.57,0,0,0,1
369,Skoda,Superb,1,44000,2017,14,5,14.81,17.5,21.12,0,0,0,1
370,Honda,City,1,53000,2016,7,5,18.7,7.75,7.58,0,0,0,1
371,Honda,Jazz,1,17847,2019,14,5,18.7,6.8,7.75,0,0,0,1
372,Maruti,Suzuki,1,10519,2021,4,5,20.52,6.8,7.75,0,0,0,1
373,Audi,Q2,1,20000,2020,14,5,188.0,29.25,35.38,0,0,0,1
374,Maruti,Suzuki,1,47072,2017,1,5,20.5,4.76,4.37,0,0,0,1
375,Maruti,Suzuki,1,37333,2017,14,5,20.5,4.57,4.44,0,0,0,1
376,Honda,City,2,60621,2016,13,5,18.7,7.07,7.31,0,0,0,1
377,Toyota,Yaris,1,19785,2018,14,5,17.1,7.83,8.57,0,0,0,1
378,Honda,CR-V,2,62577,2015,1,5,13.69999981,8.67,10.84,0,0,0,1
379,Tata,Altroz,1,7956,2020,7,5,19.05,7.48,6.01,0,0,0,1
380,Maruti,Suzuki,2,53092,2017,13,5,19.12,6.32,7.8,0,0,0,1
381,Hyundai,Santro,1,2963,2021,2,5,20.0,5.53,6.5,0,0,0,1
382,Hyundai,Verna,1,9434,2019,13,5,18.7,10.37,10.58,0,0,0,1
383,Hyundai,i20,1,13616,2014,10,5,18.15,4.97,4.57,0,0,0,1
384,Maruti,Suzuki,1,41000,2017,2,5,21.4,5.91,6.89,0,0,0,1
385,Honda,All,1,8624,2022,14,5,18.4,13.65,12.87,0,0,0,1
386,Volkswagen,Taigun,1,780,2022,7,5,178.0,18.0,16.41,0,0,0,1
387,Maruti,Suzuki,1,32000,2018,7,5,23.2,6.95,6.68,0,0,0,1
388,Honda,Jazz,1,17847,2019,14,5,18.7,6.8,7.75,0,0,0,1
389,Maruti,Suzuki,1,10519,2021,4,5,20.52,6.8,7.75,0,0,0,1
390,Mercedes-Benz,E-Class,2,29675,2011,14,5,12.06,11.25,13.78,0,0,0,1
391,Audi,Q2,1,20000,2020,14,5,188.0,29.25,35.38,0,0,0,1
392,Honda,City,2,60621,2016,13,5,18.7,7.07,7.31,0,0,0,1
393,Hyundai,Santro,1,2963,2021,2,5,20.0,5.53,6.5,0,0,0,1
394,Hyundai,Verna,1,9434,2019,13,5,18.7,10.37,10.58,0,0,0,1
395,Honda,WR-V,1,11002,2019,7,5,17.5,8.55,8.84,0,0,0,1
396,Tata,Altroz,1,7956,2020,7,5,19.05,7.48,6.01,0,0,0,1
397,Maruti,Suzuki,2,53092,2017,13,5,19.12,6.32,7.8,0,0,0,1
398,Maruti,Suzuki,1,47072,2017,1,5,20.5,4.76,4.37,0,0,0,1
399,Maruti,Suzuki,1,37333,2017,14,5,20.5,4.57,4.44,0,0,0,1
400,Volkswagen,Ameo,2,64500,2016,10,5,17.83,4.1,4.87,0,0,0,1
401,Maruti,Suzuki,1,23600,2018,4,5,21.56,7.45,8.44,0,0,0,1
402,Honda,Jazz,1,17847,2019,14,5,18.7,6.8,7.75,0,0,0,1
403,Maruti,Suzuki,1,10519,2021,4,5,20.52,6.8,7.75,0,0,0,1
404,Mercedes-Benz,E-Class,2,29675,2011,14,5,12.06,11.25,13.78,0,0,0,1
405,Audi,Q2,1,20000,2020,14,5,188.0,29.25,35.38,0,0,0,1
406,Hyundai,Verna,1,9434,2019,13,5,18.7,10.37,10.58,0,0,0,1
407,Honda,CR-V,2,62577,2015,1,5,13.69999981,8.67,10.84,0,0,0,1
408,Tata,Altroz,1,7956,2020,7,5,19.05,7.48,6.01,0,0,0,1
409,Maruti,Suzuki,2,53092,2017,13,5,19.12,6.32,7.8,0,0,0,1
410,Honda,City,2,60621,2016,13,5,18.7,7.07,7.31,0,0,0,1
411,Hyundai,Santro,1,2963,2021,2,5,20.0,5.53,6.5,0,0,0,1
412,Honda,WR-V,1,11002,2019,7,5,17.5,8.55,8.84,0,0,0,1
413,Maruti,Suzuki,1,47072,2017,1,5,20.5,4.76,4.37,0,0,0,1
414,Maruti,Suzuki,1,37333,2017,14,5,20.5,4.57,4.44,0,0,0,1
415,Hyundai,i20,1,13616,2014,10,5,18.15,4.97,4.57,0,0,0,1
416,Ford,EcoSport,2,18014,2019,10,5,17.0,8.53,8.16,0,0,0,1
417,Maruti,Suzuki,1,49000,2016,12,5,21.4,5.45,5.76,0,0,0,1
418,Maruti,Suzuki,1,10519,2021,4,5,20.52,6.8,7.75,0,0,0,1
419,Mercedes-Benz,E-Class,2,29675,2011,14,5,12.06,11.25,13.78,0,0,0,1
420,Maruti,Suzuki,2,53092,2017,13,5,19.12,6.32,7.8,0,0,0,1
421,Honda,City,2,60621,2016,13,5,18.7,7.07,7.31,0,0,0,1
422,Hyundai,Santro,1,2963,2021,2,5,20.0,5.53,6.5,0,0,0,1
423,Toyota,Yaris,1,19785,2018,14,5,17.1,7.83,8.57,0,0,0,1
424,Maruti,Suzuki,1,47072,2017,1,5,20.5,4.76,4.37,0,0,0,1
425,Maruti,Suzuki,1,37333,2017,14,5,20.5,4.57,4.44,0,0,0,1
426,Hyundai,i20,1,13616,2014,10,5,18.15,4.97,4.57,0,0,0,1
427,Mercedes-Benz,E-Class,2,69000,2012,1,5,12.06,10.5,11.76,0,0,0,1
428,Maruti,Suzuki,2,64321,2009,13,5,18.7,2.15,2.12,0,0,0,1
429,Honda,City,1,58378,2015,4,5,18.7,5.25,6.17,0,0,0,1
430,Volkswagen,Taigun,1,780,2022,7,5,178.0,18.0,16.41,0,0,0,1
431,Maruti,Suzuki,1,11736,2018,2,5,22.0,6.35,6.52,0,0,0,1
432,Honda,Jazz,1,17847,2019,14,5,18.7,6.8,7.75,0,0,0,1
433,Maruti,Suzuki,1,10519,2021,4,5,20.52,6.8,7.75,0,0,0,1
434,Mercedes-Benz,E-Class,2,29675,2011,14,5,12.06,11.25,13.78,0,0,0,1
435,Audi,Q2,1,20000,2020,14,5,188.0,29.25,35.38,0,0,0,1
436,Honda,City,2,60621,2016,13,5,18.7,7.07,7.31,0,0,0,1
437,Hyundai,Santro,1,2963,2021,2,5,20.0,5.53,6.5,0,0,0,1
438,Hyundai,Verna,1,9434,2019,13,5,18.7,10.37,10.58,0,0,0,1
439,Toyota,Yaris,1,19785,2018,14,5,17.1,7.83,8.57,0,0,0,1
440,Honda,WR-V,1,11002,2019,7,5,17.5,8.55,8.84,0,0,0,1
441,Honda,CR-V,2,62577,2015,1,5,13.69999981,8.67,10.84,0,0,0,1
442,Tata,Altroz,1,7956,2020,7,5,19.05,7.48,6.01,0,0,0,1
443,Maruti,Suzuki,2,53092,2017,13,5,19.12,6.32,7.8,0,0,0,1
444,Maruti,Suzuki,1,47072,2017,1,5,20.5,4.76,4.37,0,0,0,1
445,Maruti,Suzuki,1,37333,2017,14,5,20.5,4.57,4.44,0,0,0,1
446,Honda,All,1,4642,2022,14,5,145.0,14.25,13.47,0,0,0,1
447,Hyundai,i20,1,13616,2014,10,5,18.15,4.97,4.57,0,0,0,1
448,Mercedes-Benz,E-Class,1,47945,2017,1,5,12.06,43.85,37.5,0,0,0,1
449,Honda,Amaze,1,36471,2021,14,5,19.0,9.2,7.99,0,0,0,1
450,Mercedes-Benz,GLC,1,25000,2021,14,4,18.7,40.0,42.71,0,0,0,1
451,Honda,CR-V,1,29000,2015,13,5,18.7,1.11,1.09,0,0,0,1
452,Maruti,Suzuki,1,11736,2018,2,5,22.0,6.35,6.52,0,0,0,1
453,Honda,Jazz,1,17847,2019,14,5,18.7,6.8,7.75,0,0,0,1
454,Mercedes-Benz,E-Class,2,29675,2011,14,5,12.06,11.25,13.78,0,0,0,1
455,Audi,Q2,1,20000,2020,14,5,188.0,29.25,35.38,0,0,0,1
456,Hyundai,Santro,1,2963,2021,2,5,20.0,5.53,6.5,0,0,0,1
457,Toyota,Yaris,1,19785,2018,14,5,17.1,7.83,8.57,0,0,0,1
458,Honda,WR-V,1,11002,2019,7,5,17.5,8.55,8.84,0,0,0,1
459,Hyundai,Verna,1,9434,2019,13,5,18.7,10.37,10.58,0,0,0,1
460,Honda,City,2,60621,2016,13,5,18.7,7.07,7.31,0,0,0,1
461,Honda,CR-V,2,62577,2015,1,5,13.69999981,8.67,10.84,0,0,0,1
462,Tata,Altroz,1,7956,2020,7,5,19.05,7.48,6.01,0,0,0,1
463,Maruti,Suzuki,2,53092,2017,13,5,19.12,6.32,7.8,0,0,0,1
464,Maruti,Suzuki,1,47072,2017,1,5,20.5,4.76,4.37,0,0,0,1
465,Maruti,Suzuki,1,37333,2017,14,5,20.5,4.57,4.44,0,0,0,1
466,Ford,Fiesta,1,31575,2011,13,5,11.7,1.95,2.29,0,0,0,1
467,Maruti,Suzuki,1,49000,2016,12,5,21.4,5.45,5.76,0,0,0,1
468,Honda,Mobilio,2,47480,2015,5,7,17.3,5.25,5.77,0,0,0,1
469,Maruti,Suzuki,1,11736,2018,2,5,22.0,6.35,6.52,0,0,0,1
470,Maruti,Suzuki,1,10519,2021,4,5,20.52,6.8,7.75,0,0,0,1
471,Audi,Q2,1,20000,2020,14,5,188.0,29.25,35.38,0,0,0,1
472,Honda,City,2,60621,2016,13,5,18.7,7.07,7.31,0,0,0,1
473,Hyundai,Santro,1,2963,2021,2,5,20.0,5.53,6.5,0,0,0,1
474,Toyota,Yaris,1,19785,2018,14,5,17.1,7.83,8.57,0,0,0,1
475,Honda,CR-V,2,62577,2015,1,5,13.69999981,8.67,10.84,0,0,0,1
476,Maruti,Suzuki,2,53092,2017,13,5,19.12,6.32,7.8,0,0,0,1
477,Maruti,Suzuki,1,47072,2017,1,5,20.5,4.76,4.37,0,0,0,1
478,Maruti,Suzuki,1,37333,2017,14,5,20.5,4.57,4.44,0,0,0,1
479,Volkswagen,Ameo,2,64500,2016,10,5,17.83,4.1,4.87,0,0,0,1
480,Maruti,Suzuki,1,41000,2017,2,5,21.4,5.91,6.89,0,0,0,1
481,Honda,City,1,65000,2015,8,5,18.7,5.65,6.15,0,0,0,1
482,Ford,EcoSport,1,27000,2015,13,5,15.6,5.45,6.43,0,0,0,1
483,Volkswagen,Taigun,1,780,2022,7,5,178.0,18.0,16.41,0,0,0,1
484,Kia,Sonet,1,14405,2021,13,5,18.2,11.0,9.42,0,0,0,1
485,Maruti,Suzuki,1,11736,2018,2,5,22.0,6.35,6.52,0,0,0,1
486,Maruti,Suzuki,1,10519,2021,4,5,20.52,6.8,7.75,0,0,0,1
487,Mercedes-Benz,E-Class,2,29675,2011,14,5,12.06,11.25,13.78,0,0,0,1
488,Audi,Q2,1,20000,2020,14,5,188.0,29.25,35.38,0,0,0,1
489,Honda,City,2,60621,2016,13,5,18.7,7.07,7.31,0,0,0,1
490,Hyundai,Santro,1,2963,2021,2,5,20.0,5.53,6.5,0,0,0,1
491,Toyota,Yaris,1,19785,2018,14,5,17.1,7.83,8.57,0,0,0,1
492,Honda,WR-V,1,11002,2019,7,5,17.5,8.55,8.84,0,0,0,1
493,Honda,CR-V,2,62577,2015,1,5,13.69999981,8.67,10.84,0,0,0,1
494,Maruti,Suzuki,2,53092,2017,13,5,19.12,6.32,7.8,0,0,0,1
495,Maruti,Suzuki,1,47072,2017,1,5,20.5,4.76,4.37,0,0,0,1
496,Honda,All,1,4642,2022,14,5,145.0,14.25,13.47,0,0,0,1
497,Mercedes-Benz,E-Class,2,31267,2017,14,5,12.06,41.0,37.03,0,0,0,1
498,Honda,City,1,65000,2015,8,5,18.7,5.65,6.15,0,0,0,1
499,Maruti,Suzuki,1,11736,2018,2,5,22.0,6.35,6.52,0,0,0,1
500,Honda,Jazz,1,17847,2019,14,5,18.7,6.8,7.75,0,0,0,1
501,Maruti,Suzuki,1,10519,2021,4,5,20.52,6.8,7.75,0,0,0,1
502,Mercedes-Benz,E-Class,2,29675,2011,14,5,12.06,11.25,13.78,0,0,0,1
503,Honda,City,2,60621,2016,13,5,18.7,7.07,7.31,0,0,0,1
504,Hyundai,Santro,1,2963,2021,2,5,20.0,5.53,6.5,0,0,0,1
505,Hyundai,Verna,1,9434,2019,13,5,18.7,10.37,10.58,0,0,0,1
506,Toyota,Yaris,1,19785,2018,14,5,17.1,7.83,8.57,0,0,0,1
507,Honda,WR-V,1,11002,2019,7,5,17.5,8.55,8.84,0,0,0,1
508,Honda,CR-V,2,62577,2015,1,5,13.69999981,8.67,10.84,0,0,0,1
509,Maruti,Suzuki,2,53092,2017,13,5,19.12,6.32,7.8,0,0,0,1
510,Maruti,Suzuki,1,47072,2017,1,5,20.5,4.76,4.37,0,0,0,1
511,Honda,All,1,4642,2022,14,5,145.0,14.25,13.47,0,0,0,1
512,Hyundai,i20,1,13616,2014,10,5,18.15,4.97,4.57,0,0,0,1
513,Maruti,Suzuki,1,11736,2018,2,5,22.0,6.35,6.52,0,0,0,1
514,Honda,Civic,1,29000,2019,13,5,16.5,16.9,17.02,0,0,0,1
515,Honda,City,1,49011,2017,7,5,18.0,8.15,9.61,0,0,0,1
516,Honda,Jazz,1,76200,2018,4,5,18.2,5.25,7.19,0,0,0,1
517,Skoda,Rapid,1,42000,2018,14,5,14.3,8.1,8.07,0,0,0,1
518,Honda,Jazz,1,17847,2019,14,5,18.7,6.8,7.75,0,0,0,1
519,Maruti,Suzuki,1,10519,2021,4,5,20.52,6.8,7.75,0,0,0,1
520,Mercedes-Benz,E-Class,2,29675,2011,14,5,12.06,11.25,13.78,0,0,0,1
521,Audi,Q2,1,20000,2020,14,5,188.0,29.25,35.38,0,0,0,1
522,Honda,City,2,60621,2016,13,5,18.7,7.07,7.31,0,0,0,1
523,Hyundai,Santro,1,2963,2021,2,5,20.0,5.53,6.5,0,0,0,1
524,Hyundai,Verna,1,9434,2019,13,5,18.7,10.37,10.58,0,0,0,1
525,Toyota,Yaris,1,19785,2018,14,5,17.1,7.83,8.57,0,0,0,1
526,Honda,WR-V,1,11002,2019,7,5,17.5,8.55,8.84,0,0,0,1
527,Honda,CR-V,2,62577,2015,1,5,13.69999981,8.67,10.84,0,0,0,1
528,Tata,Altroz,1,7956,2020,7,5,19.05,7.48,6.01,0,0,0,1
529,Maruti,Suzuki,2,53092,2017,13,5,19.12,6.32,7.8,0,0,0,1
530,Maruti,Suzuki,1,47072,2017,1,5,20.5,4.76,4.37,0,0,0,1
531,Maruti,Suzuki,1,37333,2017,14,5,20.5,4.57,4.44,0,0,0,1
532,Volkswagen,Ameo,2,64500,2016,10,5,17.83,4.1,4.87,0,0,0,1
533,Hyundai,Grand,1,23000,2017,14,5,19.77,4.4,4.63,0,0,0,1
534,Audi,Q5,2,43000,2011,4,5,6.44,10.25,13.35,0,0,0,1
535,Honda,CR-V,1,29000,2015,13,5,6.44,10.25,13.35,0,0,0,1
536,Maruti,Suzuki,1,10519,2021,4,5,20.52,6.8,7.75,0,0,0,1
537,Mercedes-Benz,E-Class,2,29675,2011,14,5,12.06,11.25,13.78,0,0,0,1
538,Audi,Q2,1,20000,2020,14,5,188.0,29.25,35.38,0,0,0,1
539,Hyundai,Santro,1,2963,2021,2,5,20.0,5.53,6.5,0,0,0,1
540,Toyota,Yaris,1,19785,2018,14,5,17.1,7.83,8.57,0,0,0,1
541,Hyundai,Verna,1,9434,2019,13,5,18.7,10.37,10.58,0,0,0,1
542,Honda,City,2,60621,2016,13,5,18.7,7.07,7.31,0,0,0,1
543,Honda,CR-V,2,62577,2015,1,5,13.69999981,8.67,10.84,0,0,0,1
544,Tata,Altroz,1,7956,2020,7,5,19.05,7.48,6.01,0,0,0,1
545,Maruti,Suzuki,2,53092,2017,13,5,19.12,6.32,7.8,0,0,0,1
546,Maruti,Suzuki,1,47072,2017,1,5,20.5,4.76,4.37,0,0,0,1
547,Maruti,Suzuki,1,37333,2017,14,5,20.5,4.57,4.44,0,0,0,1
548,Hyundai,Elantra,1,71395,2016,14,5,15.0,10.9,9.34,0,0,0,1
549,Maruti,Suzuki,1,43700,2011,7,5,18.6,2.95,3.14,0,0,0,1
550,Maruti,Suzuki,1,330000,2014,13,5,19.1,4.5,4.21,0,0,0,1
551,Hyundai,Elantra,1,82000,2015,13,5,16.3,7.25,9.11,0,0,0,1
552,Honda,City,1,35000,2016,7,5,18.7,6.99,7.22,0,0,0,1
553,Honda,Jazz,1,17847,2019,14,5,18.7,6.8,7.75,0,0,0,1
554,Maruti,Suzuki,1,10519,2021,4,5,20.52,6.8,7.75,0,0,0,1
555,Audi,Q2,1,20000,2020,14,5,188.0,29.25,35.38,0,0,0,1
556,Honda,City,2,60621,2016,13,5,18.7,7.07,7.31,0,0,0,1
557,Hyundai,Santro,1,2963,2021,2,5,20.0,5.53,6.5,0,0,0,1
558,Toyota,Yaris,1,19785,2018,14,5,17.1,7.83,8.57,0,0,0,1
559,Honda,WR-V,1,11002,2019,7,5,17.5,8.55,8.84,0,0,0,1
560,Honda,CR-V,2,62577,2015,1,5,13.69999981,8.67,10.84,0,0,0,1
561,Tata,Altroz,1,7956,2020,7,5,19.05,7.48,6.01,0,0,0,1
562,Maruti,Suzuki,2,53092,2017,13,5,19.12,6.32,7.8,0,0,0,1
563,Maruti,Suzuki,1,47072,2017,1,5,20.5,4.76,4.37,0,0,0,1
564,Volkswagen,Ameo,2,64500,2016,10,5,17.83,4.1,4.87,0,0,0,1
565,Hyundai,Elite,1,20285,2017,12,5,18.6,5.91,6.01,0,0,0,1
566,Hyundai,Elite,1,43956,2015,13,5,18.6,5.21,5.41,0,0,0,1
567,Maruti,Suzuki,1,49000,2016,12,5,21.4,5.45,5.76,0,0,0,1
568,Maruti,Suzuki,1,3586,2022,2,6,138.0,13.82,11.64,0,0,0,1
569,Maruti,Suzuki,1,11736,2018,2,5,22.0,6.35,6.52,0,0,0,1
570,Honda,Jazz,1,17847,2019,14,5,18.7,6.8,7.75,0,0,0,1
571,Mercedes-Benz,E-Class,2,29675,2011,14,5,12.06,11.25,13.78,0,0,0,1
572,Audi,Q2,1,20000,2020,14,5,188.0,29.25,35.38,0,0,0,1
573,Maruti,Suzuki,1,47072,2017,1,5,20.5,4.76,4.37,0,0,0,1
574,Maruti,Suzuki,1,37333,2017,14,5,20.5,4.57,4.44,0,0,0,1
575,Honda,City,2,60621,2016,13,5,18.7,7.07,7.31,0,0,0,1
576,Toyota,Yaris,1,19785,2018,14,5,17.1,7.83,8.57,0,0,0,1
577,Honda,WR-V,1,11002,2019,7,5,17.5,8.55,8.84,0,0,0,1
578,Honda,CR-V,2,62577,2015,1,5,13.69999981,8.67,10.84,0,0,0,1
579,Maruti,Suzuki,2,53092,2017,13,5,19.12,6.32,7.8,0,0,0,1
580,Hyundai,Santro,1,2963,2021,2,5,20.0,5.53,6.5,0,0,0,1
581,Hyundai,Verna,1,9434,2019,13,5,18.7,10.37,10.58,0,0,0,1
582,Hyundai,i20,1,13616,2014,10,5,18.15,4.97,4.57,0,0,0,1
583,Honda,Jazz,1,26000,2015,14,5,19.0,5.98,5.75,0,0,0,1
584,Volkswagen,Vento,1,27000,2020,14,5,17.6,8.5,9.79,0,0,0,1
585,Hyundai,i20,1,14956,2013,14,5,15.04,4.75,4.37,0,0,0,1
586,Maruti,Suzuki,1,11736,2018,2,5,22.0,6.35,6.52,0,0,0,1
587,Honda,Jazz,1,17847,2019,14,5,18.7,6.8,7.75,0,0,0,1
588,Maruti,Suzuki,1,10519,2021,4,5,20.52,6.8,7.75,0,0,0,1
589,Mercedes-Benz,E-Class,2,29675,2011,14,5,12.06,11.25,13.78,0,0,0,1
590,Audi,Q2,1,20000,2020,14,5,188.0,29.25,35.38,0,0,0,1
591,Honda,WR-V,1,11002,2019,7,5,17.5,8.55,8.84,0,0,0,1
592,Hyundai,Verna,1,9434,2019,13,5,18.7,10.37,10.58,0,0,0,1
593,Honda,City,2,60621,2016,13,5,18.7,7.07,7.31,0,0,0,1
594,Honda,CR-V,2,62577,2015,1,5,13.69999981,8.67,10.84,0,0,0,1
595,Tata,Altroz,1,7956,2020,7,5,19.05,7.48,6.01,0,0,0,1
596,Maruti,Suzuki,2,53092,2017,13,5,19.12,6.32,7.8,0,0,0,1
597,Maruti,Suzuki,1,47072,2017,1,5,20.5,4.76,4.37,0,0,0,1
598,Maruti,Suzuki,1,37333,2017,14,5,20.5,4.57,4.44,0,0,0,1
599,Hyundai,i20,1,13616,2014,10,5,18.15,4.97,4.57,0,0,0,1
600,Maruti,Suzuki,2,16840,2012,12,5,15.0,2.95,2.71,0,0,0,1
601,Honda,City,3,61000,2014,12,5,18.7,4.65,5.17,0,0,0,1
602,Honda,Civic,1,29000,2019,13,5,16.5,16.9,17.02,0,0,0,1
603,Maruti,Suzuki,1,11736,2018,2,5,22.0,6.35,6.52,0,0,0,1
604,Honda,Jazz,1,17847,2019,14,5,18.7,6.8,7.75,0,0,0,1
605,Maruti,Suzuki,1,10519,2021,4,5,20.52,6.8,7.75,0,0,0,1
606,Mercedes-Benz,E-Class,2,29675,2011,14,5,12.06,11.25,13.78,0,0,0,1
607,Audi,Q2,1,20000,2020,14,5,188.0,29.25,35.38,0,0,0,1
608,Honda,City,2,60621,2016,13,5,18.7,7.07,7.31,0,0,0,1
609,Hyundai,Santro,1,2963,2021,2,5,20.0,5.53,6.5,0,0,0,1
610,Hyundai,Verna,1,9434,2019,13,5,18.7,10.37,10.58,0,0,0,1
611,Toyota,Yaris,1,19785,2018,14,5,17.1,7.83,8.57,0,0,0,1
612,Honda,WR-V,1,11002,2019,7,5,17.5,8.55,8.84,0,0,0,1
613,Honda,CR-V,2,62577,2015,1,5,13.69999981,8.67,10.84,0,0,0,1
614,Tata,Altroz,1,7956,2020,7,5,19.05,7.48,6.01,0,0,0,1
615,Maruti,Suzuki,2,53092,2017,13,5,19.12,6.32,7.8,0,0,0,1
616,Maruti,Suzuki,1,47072,2017,1,5,20.5,4.76,4.37,0,0,0,1
617,Maruti,Suzuki,1,37333,2017,14,5,20.5,4.57,4.44,0,0,0,1
618,Volkswagen,Ameo,2,64500,2016,10,5,17.83,4.1,4.87,0,0,0,1
619,Maruti,Suzuki,2,31000,2017,2,5,19.12,6.95,7.47,0,0,0,1
620,Maruti,Suzuki,1,11736,2018,2,5,22.0,6.35,6.52,0,0,0,1
621,Mercedes-Benz,C-Class,2,61475,2015,1,5,14.74,22.75,21.06,0,0,0,1
622,Honda,Jazz,1,17847,2019,14,5,18.7,6.8,7.75,0,0,0,1
623,Maruti,Suzuki,1,10519,2021,4,5,20.52,6.8,7.75,0,0,0,1
624,Mercedes-Benz,E-Class,2,29675,2011,14,5,12.06,11.25,13.78,0,0,0,1
625,Audi,Q2,1,20000,2020,14,5,188.0,29.25,35.38,0,0,0,1
626,Honda,City,2,60621,2016,13,5,18.7,7.07,7.31,0,0,0,1
627,Hyundai,Santro,1,2963,2021,2,5,20.0,5.53,6.5,0,0,0,1
628,Hyundai,Verna,1,9434,2019,13,5,18.7,10.37,10.58,0,0,0,1
629,Toyota,Yaris,1,19785,2018,14,5,17.1,7.83,8.57,0,0,0,1
630,Honda,WR-V,1,11002,2019,7,5,17.5,8.55,8.84,0,0,0,1
631,Honda,CR-V,2,62577,2015,1,5,13.69999981,8.67,10.84,0,0,0,1
632,Tata,Altroz,1,7956,2020,7,5,19.05,7.48,6.01,0,0,0,1
633,Maruti,Suzuki,2,53092,2017,13,5,19.12,6.32,7.8,0,0,0,1
634,Maruti,Suzuki,1,37333,2017,14,5,20.5,4.57,4.44,0,0,0,1
635,Volkswagen,Ameo,2,64500,2016,10,5,17.83,4.1,4.87,0,0,0,1
636,Maruti,Suzuki,1,15984,2018,13,5,21.21,6.85,6.81,0,0,0,1
637,Hyundai,Elite,1,20285,2017,12,5,18.6,5.91,6.01,0,0,0,1
638,Datsun,redi-GO,1,1413,2019,13,5,22.7,2.95,3.38,0,0,0,1
639,Honda,City,1,35000,2016,7,5,18.7,6.99,7.22,0,0,0,1
640,Mercedes-Benz,E-Class,2,69000,2012,1,5,12.06,10.5,11.76,0,0,0,1
641,Ford,EcoSport,1,27000,2015,13,5,15.6,5.45,6.43,0,0,0,1
642,Maruti,Suzuki,1,11736,2018,2,5,22.0,6.35,6.52,0,0,0,1
643,Maruti,Suzuki,1,10519,2021,4,5,20.52,6.8,7.75,0,0,0,1
644,Audi,Q2,1,20000,2020,14,5,188.0,29.25,35.38,0,0,0,1
645,Maruti,Suzuki,1,47072,2017,1,5,20.5,4.76,4.37,0,0,0,1
646,Maruti,Suzuki,1,37333,2017,14,5,20.5,4.57,4.44,0,0,0,1
647,Toyota,Yaris,1,19785,2018,14,5,17.1,7.83,8.57,0,0,0,1
648,Honda,WR-V,1,11002,2019,7,5,17.5,8.55,8.84,0,0,0,1
649,Honda,CR-V,2,62577,2015,1,5,13.69999981,8.67,10.84,0,0,0,1
650,Tata,Altroz,1,7956,2020,7,5,19.05,7.48,6.01,0,0,0,1
651,Maruti,Suzuki,2,53092,2017,13,5,19.12,6.32,7.8,0,0,0,1
652,Hyundai,Verna,1,9434,2019,13,5,18.7,10.37,10.58,0,0,0,1
653,Hyundai,i20,1,13616,2014,10,5,18.15,4.97,4.57,0,0,0,1
654,Hyundai,Creta,1,16000,2021,14,5,17.0,18.45,16.81,0,0,0,1
655,Ford,Fiesta,1,31575,2011,13,5,11.7,1.95,2.29,0,0,0,1
656,Maruti,Suzuki,1,29453,2021,7,6,19.01,10.75,10.7,0,0,0,1
657,Maruti,Suzuki,1,23600,2018,4,5,21.56,7.45,8.44,0,0,0,1
658,Maruti,Suzuki,1,11736,2018,2,5,22.0,6.35,6.52,0,0,0,1
659,Honda,Jazz,1,17847,2019,14,5,18.7,6.8,7.75,0,0,0,1
660,Maruti,Suzuki,1,10519,2021,4,5,20.52,6.8,7.75,0,0,0,1
661,Mercedes-Benz,E-Class,2,29675,2011,14,5,12.06,11.25,13.78,0,0,0,1
662,Audi,Q2,1,20000,2020,14,5,188.0,29.25,35.38,0,0,0,1
663,Hyundai,Verna,1,9434,2019,13,5,18.7,10.37,10.58,0,0,0,1
664,Honda,CR-V,2,62577,2015,1,5,13.69999981,8.67,10.84,0,0,0,1
665,Tata,Altroz,1,7956,2020,7,5,19.05,7.48,6.01,0,0,0,1
666,Maruti,Suzuki,2,53092,2017,13,5,19.12,6.32,7.8,0,0,0,1
667,Honda,City,2,60621,2016,13,5,18.7,7.07,7.31,0,0,0,1
668,Hyundai,Santro,1,2963,2021,2,5,20.0,5.53,6.5,0,0,0,1
669,Honda,WR-V,1,11002,2019,7,5,17.5,8.55,8.84,0,0,0,1
670,Maruti,Suzuki,1,47072,2017,1,5,20.5,4.76,4.37,0,0,0,1
671,Maruti,Suzuki,1,37333,2017,14,5,20.5,4.57,4.44,0,0,0,1
672,Hyundai,i20,1,13616,2014,10,5,18.15,4.97,4.57,0,0,0,1
673,Ford,EcoSport,2,18014,2019,10,5,17.0,8.53,8.16,0,0,0,1
674,Honda,CR-V,1,29000,2015,13,5,17.0,8.53,8.16,0,0,0,1
675,Datsun,redi-GO,1,1413,2019,13,5,22.7,2.95,3.38,0,0,0,1
676,Hyundai,Elite,1,43956,2015,13,5,18.6,5.21,5.41,0,0,0,1
677,Hyundai,Creta,1,40000,2018,14,5,15.29,12.75,11.8,0,0,0,1
678,Hyundai,Elite,1,59235,2015,2,5,18.6,4.99,5.35,0,0,0,1
679,Maruti,Suzuki,1,11736,2018,2,5,22.0,6.35,6.52,0,0,0,1
680,Honda,Jazz,1,17847,2019,14,5,18.7,6.8,7.75,0,0,0,1
681,Maruti,Suzuki,1,10519,2021,4,5,20.52,6.8,7.75,0,0,0,1
682,Mercedes-Benz,E-Class,2,29675,2011,14,5,12.06,11.25,13.78,0,0,0,1
683,Audi,Q2,1,20000,2020,14,5,188.0,29.25,35.38,0,0,0,1
684,Maruti,Suzuki,1,47072,2017,1,5,20.5,4.76,4.37,0,0,0,1
685,Maruti,Suzuki,1,37333,2017,14,5,20.5,4.57,4.44,0,0,0,1
686,Honda,City,2,60621,2016,13,5,18.7,7.07,7.31,0,0,0,1
687,Toyota,Yaris,1,19785,2018,14,5,17.1,7.83,8.57,0,0,0,1
688,Honda,WR-V,1,11002,2019,7,5,17.5,8.55,8.84,0,0,0,1
689,Honda,CR-V,2,62577,2015,1,5,13.69999981,8.67,10.84,0,0,0,1
690,Tata,Altroz,1,7956,2020,7,5,19.05,7.48,6.01,0,0,0,1
691,Hyundai,Santro,1,2963,2021,2,5,20.0,5.53,6.5,0,0,0,1
692,Hyundai,Verna,1,9434,2019,13,5,18.7,10.37,10.58,0,0,0,1
693,Hyundai,i20,1,13616,2014,10,5,18.15,4.97,4.57,0,0,0,1
694,Hyundai,Creta,1,40000,2018,14,5,15.29,12.75,11.8,0,0,0,1
695,Maruti,Suzuki,1,41000,2017,2,5,21.4,5.91,6.89,0,0,0,1
696,Honda,City,3,61000,2014,12,5,18.7,4.65,5.17,0,0,0,1
697,BMW,7,1,6200,2022,2,5,335.0,1.28,1.52,0,0,0,1
698,Volkswagen,Caravelle,2,94764,2009,13,5,18.7,4.75,5.36,0,0,0,1
699,Maruti,Suzuki,1,11736,2018,2,5,22.0,6.35,6.52,0,0,0,1
700,Audi,Q2,1,20000,2020,14,5,188.0,29.25,35.38,0,0,0,1
701,Honda,City,2,60621,2016,13,5,18.7,7.07,7.31,0,0,0,1
702,Hyundai,Santro,1,2963,2021,2,5,20.0,5.53,6.5,0,0,0,1
703,Toyota,Yaris,1,19785,2018,14,5,17.1,7.83,8.57,0,0,0,1
704,Honda,WR-V,1,11002,2019,7,5,17.5,8.55,8.84,0,0,0,1
705,Honda,CR-V,2,62577,2015,1,5,13.69999981,8.67,10.84,0,0,0,1
706,Tata,Altroz,1,7956,2020,7,5,19.05,7.48,6.01,0,0,0,1
707,Maruti,Suzuki,2,53092,2017,13,5,19.12,6.32,7.8,0,0,0,1
708,Maruti,Suzuki,1,47072,2017,1,5,20.5,4.76,4.37,0,0,0,1
709,Maruti,Suzuki,1,37333,2017,14,5,20.5,4.57,4.44,0,0,0,1
710,Volkswagen,Ameo,2,64500,2016,10,5,17.83,4.1,4.87,0,0,0,1
711,Honda,City,1,35000,2016,7,5,18.7,6.99,7.22,0,0,0,1
712,Ford,Fiesta,1,31575,2011,13,5,11.7,1.95,2.29,0,0,0,1
713,Toyota,Yaris,1,17250,2018,13,5,17.1,7.51,8.4,0,0,0,1
714,Toyota,Urban,1,25042,2020,13,5,18.7,10.51,10.51,0,0,0,1
715,Maruti,Suzuki,1,11736,2018,2,5,22.0,6.35,6.52,0,0,0,1
716,Honda,Jazz,1,17847,2019,14,5,18.7,6.8,7.75,0,0,0,1
717,Audi,Q2,1,20000,2020,14,5,188.0,29.25,35.38,0,0,0,1
718,Maruti,Suzuki,1,47072,2017,1,5,20.5,4.76,4.37,0,0,0,1
719,Honda,City,2,60621,2016,13,5,18.7,7.07,7.31,0,0,0,1
720,Toyota,Yaris,1,19785,2018,14,5,17.1,7.83,8.57,0,0,0,1
721,Honda,CR-V,2,62577,2015,1,5,13.69999981,8.67,10.84,0,0,0,1
722,Tata,Altroz,1,7956,2020,7,5,19.05,7.48,6.01,0,0,0,1
723,Hyundai,Santro,1,2963,2021,2,5,20.0,5.53,6.5,0,0,0,1
724,Hyundai,Verna,1,9434,2019,13,5,18.7,10.37,10.58,0,0,0,1
725,Hyundai,i20,1,13616,2014,10,5,18.15,4.97,4.57,0,0,0,1
726,Hyundai,Elite,1,20285,2017,12,5,18.6,5.91,6.01,0,0,0,1
727,Maruti,Suzuki,1,49000,2016,12,5,21.4,5.45,5.76,0,0,0,1
728,Maruti,Suzuki,1,11736,2018,2,5,22.0,6.35,6.52,0,0,0,1
729,Honda,Jazz,1,17847,2019,14,5,18.7,6.8,7.75,0,0,0,1
730,Maruti,Suzuki,1,10519,2021,4,5,20.52,6.8,7.75,0,0,0,1
731,Mercedes-Benz,E-Class,2,29675,2011,14,5,12.06,11.25,13.78,0,0,0,1
732,Audi,Q2,1,20000,2020,14,5,188.0,29.25,35.38,0,0,0,1
733,Hyundai,Verna,1,9434,2019,13,5,18.7,10.37,10.58,0,0,0,1
734,Honda,CR-V,2,62577,2015,1,5,13.69999981,8.67,10.84,0,0,0,1
735,Tata,Altroz,1,7956,2020,7,5,19.05,7.48,6.01,0,0,0,1
736,Maruti,Suzuki,2,53092,2017,13,5,19.12,6.32,7.8,0,0,0,1
737,Honda,City,2,60621,2016,13,5,18.7,7.07,7.31,0,0,0,1
738,Hyundai,Santro,1,2963,2021,2,5,20.0,5.53,6.5,0,0,0,1
739,Toyota,Yaris,1,19785,2018,14,5,17.1,7.83,8.57,0,0,0,1
740,Honda,WR-V,1,11002,2019,7,5,17.5,8.55,8.84,0,0,0,1
741,Maruti,Suzuki,1,47072,2017,1,5,20.5,4.76,4.37,0,0,0,1
742,Maruti,Suzuki,1,37333,2017,14,5,20.5,4.57,4.44,0,0,0,1
743,Hyundai,i20,1,13616,2014,10,5,18.15,4.97,4.57,0,0,0,1
744,Ford,EcoSport,2,18014,2019,10,5,17.0,8.53,8.16,0,0,0,1
745,Mercedes-Benz,E-Class,2,69000,2012,1,5,12.06,10.5,11.76,0,0,0,1
746,Tata,Nexon,1,13646,2020,6,5,16.3,10.5,11.24,0,0,0,1
747,BMW,M5,1,45903,2019,7,5,13.25,1.18,1.04,0,0,0,1
748,Maruti,Suzuki,1,11736,2018,2,5,22.0,6.35,6.52,0,0,0,1
749,Honda,Jazz,1,17847,2019,14,5,18.7,6.8,7.75,0,0,0,1
750,Maruti,Suzuki,1,10519,2021,4,5,20.52,6.8,7.75,0,0,0,1
751,Mercedes-Benz,E-Class,2,29675,2011,14,5,12.06,11.25,13.78,0,0,0,1
752,Audi,Q2,1,20000,2020,14,5,188.0,29.25,35.38,0,0,0,1
753,Maruti,Suzuki,1,47072,2017,1,5,20.5,4.76,4.37,0,0,0,1
754,Maruti,Suzuki,1,37333,2017,14,5,20.5,4.57,4.44,0,0,0,1
755,Honda,City,2,60621,2016,13,5,18.7,7.07,7.31,0,0,0,1
756,Toyota,Yaris,1,19785,2018,14,5,17.1,7.83,8.57,0,0,0,1
757,Honda,WR-V,1,11002,2019,7,5,17.5,8.55,8.84,0,0,0,1
758,Honda,CR-V,2,62577,2015,1,5,13.69999981,8.67,10.84,0,0,0,1
759,Hyundai,Santro,1,2963,2021,2,5,20.0,5.53,6.5,0,0,0,1
760,Hyundai,i20,1,13616,2014,10,5,18.15,4.97,4.57,0,0,0,1
761,Honda,City,1,53000,2016,7,5,18.7,7.75,7.58,0,0,0,1
762,Ford,Fiesta,1,31575,2011,13,5,11.7,1.95,2.29,0,0,0,1
763,Mercedes-Benz,GLC,1,25000,2021,14,4,18.7,43.0,29.61,0,0,0,1
764,Maruti,Suzuki,1,11736,2018,2,5,22.0,6.35,6.52,0,0,0,1
765,Honda,Jazz,1,17847,2019,14,5,18.7,6.8,7.75,0,0,0,1
766,Maruti,Suzuki,1,10519,2021,4,5,20.52,6.8,7.75,0,0,0,1
767,Mercedes-Benz,E-Class,2,29675,2011,14,5,12.06,11.25,13.78,0,0,0,1
768,Audi,Q2,1,20000,2020,14,5,188.0,29.25,35.38,0,0,0,1
769,Honda,City,2,60621,2016,13,5,18.7,7.07,7.31,0,0,0,1
770,Hyundai,Santro,1,2963,2021,2,5,20.0,5.53,6.5,0,0,0,1
771,Hyundai,Verna,1,9434,2019,13,5,18.7,10.37,10.58,0,0,0,1
772,Toyota,Yaris,1,19785,2018,14,5,17.1,7.83,8.57,0,0,0,1
773,Honda,WR-V,1,11002,2019,7,5,17.5,8.55,8.84,0,0,0,1
774,Honda,CR-V,2,62577,2015,1,5,13.69999981,8.67,10.84,0,0,0,1
775,Tata,Altroz,1,7956,2020,7,5,19.05,7.48,6.01,0,0,0,1
776,Maruti,Suzuki,2,53092,2017,13,5,19.12,6.32,7.8,0,0,0,1
777,Maruti,Suzuki,1,47072,2017,1,5,20.5,4.76,4.37,0,0,0,1
778,Maruti,Suzuki,1,37333,2017,14,5,20.5,4.57,4.44,0,0,0,1
779,Volkswagen,Ameo,2,64500,2016,10,5,17.83,4.1,4.87,0,0,0,1
780,Maruti,Suzuki,2,31000,2017,2,5,19.12,6.95,7.47,0,0,0,1
781,Maruti,Suzuki,1,32946,2020,4,5,20.52,6.95,7.47,0,0,0,1
782,Maruti,Suzuki,1,41000,2017,2,5,21.4,5.91,6.89,0,0,0,1
783,Ford,Fiesta,1,31575,2011,13,5,11.7,1.95,2.29,0,0,0,1
784,Maruti,Suzuki,1,27585,2017,2,5,23.1,4.95,4.51,0,0,0,1
785,Maruti,Suzuki,1,11736,2018,2,5,22.0,6.35,6.52,0,0,0,1
786,Honda,Jazz,1,17847,2019,14,5,18.7,6.8,7.75,0,0,0,1
787,Maruti,Suzuki,1,10519,2021,4,5,20.52,6.8,7.75,0,0,0,1
788,Honda,City,2,60621,2016,13,5,18.7,7.07,7.31,0,0,0,1
789,Hyundai,Santro,1,2963,2021,2,5,20.0,5.53,6.5,0,0,0,1
790,Hyundai,Verna,1,9434,2019,13,5,18.7,10.37,10.58,0,0,0,1
791,Toyota,Yaris,1,19785,2018,14,5,17.1,7.83,8.57,0,0,0,1
792,Honda,WR-V,1,11002,2019,7,5,17.5,8.55,8.84,0,0,0,1
793,Tata,Altroz,1,7956,2020,7,5,19.05,7.48,6.01,0,0,0,1
794,Maruti,Suzuki,1,47072,2017,1,5,20.5,4.76,4.37,0,0,0,1
795,Maruti,Suzuki,1,37333,2017,14,5,20.5,4.57,4.44,0,0,0,1
796,Volkswagen,Ameo,2,64500,2016,10,5,17.83,4.1,4.87,0,0,0,1
797,Honda,Jazz,1,26000,2015,14,5,19.0,5.98,5.75,0,0,0,1
798,Skoda,Kushaq,1,6900,2022,12,5,17.7,18.45,18.35,0,0,0,1
799,Maruti,Suzuki,1,13000,2017,7,5,18.7,5.65,5.89,0,0,0,1
800,Maruti,Suzuki,1,11736,2018,2,5,22.0,6.35,6.52,0,0,0,1
801,Honda,Jazz,1,17847,2019,14,5,18.7,6.8,7.75,0,0,0,1
802,Maruti,Suzuki,1,10519,2021,4,5,20.52,6.8,7.75,0,0,0,1
803,Mercedes-Benz,E-Class,2,29675,2011,14,5,12.06,11.25,13.78,0,0,0,1
804,Honda,City,2,60621,2016,13,5,18.7,7.07,7.31,0,0,0,1
805,Hyundai,Santro,1,2963,2021,2,5,20.0,5.53,6.5,0,0,0,1
806,Hyundai,Verna,1,9434,2019,13,5,18.7,10.37,10.58,0,0,0,1
807,Toyota,Yaris,1,19785,2018,14,5,17.1,7.83,8.57,0,0,0,1
808,Honda,WR-V,1,11002,2019,7,5,17.5,8.55,8.84,0,0,0,1
809,Honda,CR-V,2,62577,2015,1,5,13.69999981,8.67,10.84,0,0,0,1
810,Tata,Altroz,1,7956,2020,7,5,19.05,7.48,6.01,0,0,0,1
811,Maruti,Suzuki,2,53092,2017,13,5,19.12,6.32,7.8,0,0,0,1
812,Maruti,Suzuki,1,47072,2017,1,5,20.5,4.76,4.37,0,0,0,1
813,Maruti,Suzuki,1,37333,2017,14,5,20.5,4.57,4.44,0,0,0,1
814,Honda,All,1,4642,2022,14,5,145.0,14.25,13.47,0,0,0,1
815,Hyundai,i20,1,13616,2014,10,5,18.15,4.97,4.57,0,0,0,1
816,Mercedes-Benz,E-Class,1,47945,2017,1,5,12.06,43.85,37.5,0,0,0,1
817,Hyundai,Grand,2,12000,2015,8,5,18.9,4.25,4.56,0,0,0,1
818,Mercedes-Benz,GLA,2,45000,2015,14,5,18.7,15.9,16.91,0,0,0,1
819,Maruti,Suzuki,1,11736,2018,2,5,22.0,6.35,6.52,0,0,0,1
820,Honda,Jazz,1,17847,2019,14,5,18.7,6.8,7.75,0,0,0,1
821,Maruti,Suzuki,1,10519,2021,4,5,20.52,6.8,7.75,0,0,0,1
822,Mercedes-Benz,E-Class,2,29675,2011,14,5,12.06,11.25,13.78,0,0,0,1
823,Hyundai,Santro,1,2963,2021,2,5,20.0,5.53,6.5,0,0,0,1
824,Toyota,Yaris,1,19785,2018,14,5,17.1,7.83,8.57,0,0,0,1
825,Honda,WR-V,1,11002,2019,7,5,17.5,8.55,8.84,0,0,0,1
826,Hyundai,Verna,1,9434,2019,13,5,18.7,10.37,10.58,0,0,0,1
827,Honda,City,2,60621,2016,13,5,18.7,7.07,7.31,0,0,0,1
828,Honda,CR-V,2,62577,2015,1,5,13.69999981,8.67,10.84,0,0,0,1
829,Tata,Altroz,1,7956,2020,7,5,19.05,7.48,6.01,0,0,0,1
830,Maruti,Suzuki,2,53092,2017,13,5,19.12,6.32,7.8,0,0,0,1
831,Maruti,Suzuki,1,47072,2017,1,5,20.5,4.76,4.37,0,0,0,1
832,Maruti,Suzuki,1,37333,2017,14,5,20.5,4.57,4.44,0,0,0,1
833,Hyundai,i20,1,13616,2014,10,5,18.15,4.97,4.57,0,0,0,1
834,Hyundai,Elite,1,59235,2015,2,5,18.6,4.99,5.35,0,0,0,1
835,Hyundai,Verna,1,71549,2016,14,5,18.7,6.9,6.53,0,0,0,1
836,Maruti,Suzuki,1,11736,2018,2,5,22.0,6.35,6.52,0,0,0,1
837,Honda,Jazz,1,17847,2019,14,5,18.7,6.8,7.75,0,0,0,1
838,Maruti,Suzuki,1,10519,2021,4,5,20.52,6.8,7.75,0,0,0,1
839,Mercedes-Benz,E-Class,2,29675,2011,14,5,12.06,11.25,13.78,0,0,0,1
840,Audi,Q2,1,20000,2020,14,5,188.0,29.25,35.38,0,0,0,1
841,Honda,CR-V,2,62577,2015,1,5,13.69999981,8.67,10.84,0,0,0,1
842,Tata,Altroz,1,7956,2020,7,5,19.05,7.48,6.01,0,0,0,1
843,Maruti,Suzuki,2,53092,2017,13,5,19.12,6.32,7.8,0,0,0,1
844,Hyundai,Santro,1,2963,2021,2,5,20.0,5.53,6.5,0,0,0,1
845,Toyota,Yaris,1,19785,2018,14,5,17.1,7.83,8.57,0,0,0,1
846,Maruti,Suzuki,1,47072,2017,1,5,20.5,4.76,4.37,0,0,0,1
847,Maruti,Suzuki,1,37333,2017,14,5,20.5,4.57,4.44,0,0,0,1
848,Hyundai,i20,1,13616,2014,10,5,18.15,4.97,4.57,0,0,0,1
849,Ford,EcoSport,2,18014,2019,10,5,17.0,8.53,8.16,0,0,0,1
850,Hyundai,Creta,1,16000,2021,14,5,17.0,18.45,16.81,0,0,0,1
851,Honda,City,1,20321,2018,13,5,18.7,6.95,7.74,0,0,0,1
852,Maruti,Suzuki,1,11736,2018,2,5,22.0,6.35,6.52,0,0,0,1
853,Honda,Jazz,1,17847,2019,14,5,18.7,6.8,7.75,0,0,0,1
854,Maruti,Suzuki,1,10519,2021,4,5,20.52,6.8,7.75,0,0,0,1
855,Mercedes-Benz,E-Class,2,29675,2011,14,5,12.06,11.25,13.78,0,0,0,1
856,Audi,Q2,1,20000,2020,14,5,188.0,29.25,35.38,0,0,0,1
857,Honda,CR-V,2,62577,2015,1,5,13.69999981,8.67,10.84,0,0,0,1
858,Maruti,Suzuki,2,53092,2017,13,5,19.12,6.32,7.8,0,0,0,1
859,Honda,City,2,60621,2016,13,5,18.7,7.07,7.31,0,0,0,1
860,Hyundai,Santro,1,2963,2021,2,5,20.0,5.53,6.5,0,0,0,1
861,Toyota,Yaris,1,19785,2018,14,5,17.1,7.83,8.57,0,0,0,1
862,Honda,WR-V,1,11002,2019,7,5,17.5,8.55,8.84,0,0,0,1
863,Maruti,Suzuki,1,47072,2017,1,5,20.5,4.76,4.37,0,0,0,1
864,Maruti,Suzuki,1,37333,2017,14,5,20.5,4.57,4.44,0,0,0,1
865,Ford,EcoSport,2,18014,2019,10,5,17.0,8.53,8.16,0,0,0,1
0,Land,Rover,1,30000,2019,1,5,12.585,1.35,94.52,0,1,0,0
1,Toyota,Fortuner,1,100000,2017,4,7,12.9,29.99,28.93,0,1,0,0
2,Ford,Endeavour,1,78000,2016,14,7,10.91,26.0,22.01,0,1,0,0
3,Land,Rover,1,33000,2018,14,5,15.6,46.95,46.09,0,1,0,0
4,BMW,X1,1,4902,2022,1,5,12.585,43.5,37.9,0,1,0,0
5,Honda,City,1,90860,2016,8,5,12.585,6.88,7.29,0,1,0,0
6,Ford,EcoSport,2,54120,2017,10,5,23.0,5.99,7.09,0,1,0,0
7,Maruti,Suzuki,1,91114,2014,10,5,23.4,5.52,4.73,0,1,0,0
8,Ford,Endeavour,1,61000,2021,5,7,12.62,37.0,35.39,0,1,0,0
9,Mercedes-Benz,GLE,1,34000,2020,2,5,241.0,81.0,85.86,0,1,0,0
10,Honda,City,1,90860,2016,8,5,12.585,6.88,7.29,0,1,0,0
11,Ford,EcoSport,2,54120,2017,10,5,23.0,5.99,7.09,0,1,0,0
12,Maruti,Suzuki,2,84784,2015,10,5,23.65,5.59,6.41,0,1,0,0
13,BMW,v5,1,21000,2017,5,5,22.48,42.0,37.07,0,1,0,0
14,Toyota,Innova,1,16500,2021,1,7,15.6,30.5,28.94,0,1,0,0
15,Ford,Figo,1,64983,2013,12,5,20.0,2.99,2.76,0,1,0,0
16,Mercedes-Benz,GLE,1,54000,2017,14,5,12.585,42.75,47.73,0,1,0,0
17,BMW,X1,1,4902,2022,1,5,12.585,43.5,37.9,0,1,0,0
18,Honda,City,1,90860,2016,8,5,12.585,6.88,7.29,0,1,0,0
19,Ford,EcoSport,2,54120,2017,10,5,23.0,5.99,7.09,0,1,0,0
20,Maruti,Suzuki,1,91114,2014,10,5,23.4,5.52,4.73,0,1,0,0
21,Mercedes-Benz,GLE,1,54000,2017,14,5,12.585,42.75,47.73,0,1,0,0
22,BMW,v5,1,8519,2020,2,5,22.48,55.0,56.96,0,1,0,0
23,Maruti,Suzuki,2,84784,2015,10,5,23.65,5.59,6.41,0,1,0,0
24,BMW,7,1,47000,2017,14,4,11.1,64.5,62.7,0,1,0,0
25,BMW,5,1,75000,2013,2,5,14.69,19.95,19.59,0,1,0,0
26,Honda,City,1,90860,2016,8,5,12.585,6.88,7.29,0,1,0,0
27,Ford,EcoSport,2,54120,2017,10,5,23.0,5.99,7.09,0,1,0,0
28,Maruti,Suzuki,2,84784,2015,10,5,23.65,5.59,6.41,0,1,0,0
29,Ford,Endeavour,1,65000,2018,14,7,10.91,30.0,29.43,0,1,0,0
30,Ford,Endeavour,1,61000,2021,5,7,12.62,37.0,35.39,0,1,0,0
31,Toyota,Innova,3,255000,2012,13,5,12.585,3.21,3.06,0,1,0,0
32,Mercedes-Benz,GLE,1,54000,2017,14,5,12.585,42.75,47.73,0,1,0,0
33,BMW,5,1,8519,2020,2,5,22.48,55.0,56.96,0,1,0,0
34,BMW,X1,1,4902,2022,1,5,12.585,43.5,37.9,0,1,0,0
35,Honda,City,1,90860,2016,8,5,12.585,6.88,7.29,0,1,0,0
36,Maruti,Suzuki,2,84784,2015,10,5,23.65,5.59,6.41,0,1,0,0
37,Ford,Endeavour,1,61000,2021,5,7,12.62,37.0,35.39,0,1,0,0
38,Hyundai,Santa,2,54000,2015,1,7,12.585,14.85,13.5,0,1,0,0
39,Land,Rover,1,30000,2018,14,5,12.585,1.11,1.09,0,1,0,0
40,BMW,X1,1,4902,2022,1,5,12.585,43.5,37.9,0,1,0,0
41,Honda,City,1,90860,2016,8,5,12.585,6.88,7.29,0,1,0,0
42,Ford,EcoSport,2,54120,2017,10,5,23.0,5.99,7.09,0,1,0,0
43,Maruti,Suzuki,1,91114,2014,10,5,23.4,5.52,4.73,0,1,0,0
44,Land,Rover,1,30000,2018,14,5,12.585,1.11,1.09,0,1,0,0
45,Mercedes-Benz,C-Class,1,24000,2019,13,5,12.06,38.15,36.71,0,1,0,0
46,Toyota,Fortuner,1,8000,2021,1,7,14.2,47.45,46.56,0,1,0,0
47,BMW,X1,1,4902,2022,1,5,12.585,43.5,37.9,0,1,0,0
48,Honda,City,1,90860,2016,8,5,12.585,6.88,7.29,0,1,0,0
49,Ford,EcoSport,2,54120,2017,10,5,23.0,5.99,7.09,0,1,0,0
50,Maruti,Suzuki,2,84784,2015,10,5,23.65,5.59,6.41,0,1,0,0
51,Mercedes-Benz,GLA,2,32869,2018,14,5,12.585,25.0,27.45,0,1,0,0
52,Volkswagen,Passat,1,42799,2018,7,5,17.42,21.5,26.34,0,1,0,0
53,BMW,X1,1,4902,2022,1,5,12.585,43.5,37.9,0,1,0,0
54,Maruti,Suzuki,2,84784,2015,10,5,23.65,5.59,6.41,0,1,0,0
55,BMW,X1,1,4902,2022,1,5,12.585,43.5,37.9,0,1,0,0
56,Ford,EcoSport,2,54120,2017,10,5,23.0,5.99,7.09,0,1,0,0
57,Maruti,Suzuki,1,91114,2014,10,5,23.4,5.52,4.73,0,1,0,0
58,Mercedes-Benz,GLE,1,54000,2017,14,5,12.585,42.75,47.73,0,1,0,0
59,Mercedes-Benz,GLE,1,54000,2017,14,5,12.585,42.75,47.73,0,1,0,0
60,Honda,Amaze,1,49000,2017,12,5,25.8,5.95,6.03,0,1,0,0
61,Hyundai,Verna,2,56165,2012,8,5,12.585,4.5,4.17,0,1,0,0
62,BMW,X1,1,4902,2022,1,5,12.585,43.5,37.9,0,1,0,0
63,Honda,City,1,90860,2016,8,5,12.585,6.88,7.29,0,1,0,0
64,Ford,EcoSport,2,54120,2017,10,5,23.0,5.99,7.09,0,1,0,0
65,Maruti,Suzuki,2,84784,2015,10,5,23.65,5.59,6.41,0,1,0,0
66,Mercedes-Benz,GLE,1,54000,2017,14,5,12.585,42.75,47.73,0,1,0,0
67,Renault,Duster,1,48000,2015,4,5,19.01,5.6,6.56,0,1,0,0
68,BMW,X1,1,4902,2022,1,5,12.585,43.5,37.9,0,1,0,0
69,Honda,City,1,90860,2016,8,5,12.585,6.88,7.29,0,1,0,0
70,Maruti,Suzuki,2,84784,2015,10,5,23.65,5.59,6.41,0,1,0,0
71,Mahindra,XUV500,2,59199,2017,14,7,16.0,10.75,11.11,0,1,0,0
72,BMW,X1,1,4902,2022,1,5,12.585,43.5,37.9,0,1,0,0
73,Honda,City,1,90860,2016,8,5,12.585,6.88,7.29,0,1,0,0
74,Ford,EcoSport,2,54120,2017,10,5,23.0,5.99,7.09,0,1,0,0
75,Maruti,Suzuki,2,84784,2015,10,5,23.65,5.59,6.41,0,1,0,0
76,Audi,Q5,1,72901,2018,14,5,23.65,5.59,6.41,0,1,0,0
77,Jaguar,XJ,2,20500,2017,8,5,12.9,48.25,58.99,0,1,0,0
78,Mahindra,XUV500,1,48547,2015,12,7,15.1,8.5,7.8,0,1,0,0
79,Audi,A4,1,86000,2017,14,5,12.585,25.0,27.65,0,1,0,0
80,Honda,Amaze,1,49000,2017,12,5,25.8,5.95,6.03,0,1,0,0
81,BMW,X1,1,4902,2022,1,5,12.585,43.5,37.9,0,1,0,0
82,Honda,City,1,90860,2016,8,5,12.585,6.88,7.29,0,1,0,0
83,Ford,Endeavour,1,78000,2016,14,7,10.91,26.0,22.01,0,1,0,0
84,Ford,Figo,1,64983,2013,12,5,20.0,2.99,2.76,0,1,0,0
85,BMW,X1,1,4902,2022,1,5,12.585,43.5,37.9,0,1,0,0
86,Honda,City,1,90860,2016,8,5,12.585,6.88,7.29,0,1,0,0
87,Ford,EcoSport,2,54120,2017,10,5,23.0,5.99,7.09,0,1,0,0
88,Maruti,Suzuki,1,91114,2014,10,5,23.4,5.52,4.73,0,1,0,0
89,Mercedes-Benz,GLE,1,54000,2017,14,5,12.585,42.75,47.73,0,1,0,0
90,Jaguar,XJ,2,20500,2017,8,5,12.9,48.25,58.99,0,1,0,0
91,Mercedes-Benz,GLE,1,54000,2017,14,5,12.585,42.75,47.73,0,1,0,0
92,BMW,X1,1,4902,2022,1,5,12.585,43.5,37.9,0,1,0,0
93,Honda,City,1,90860,2016,8,5,12.585,6.88,7.29,0,1,0,0
94,Ford,EcoSport,2,54120,2017,10,5,23.0,5.99,7.09,0,1,0,0
95,Maruti,Suzuki,2,84784,2015,10,5,23.65,5.59,6.41,0,1,0,0
96,Mercedes-Benz,M-Class,1,59000,2014,14,5,12.585,24.5,25.59,0,1,0,0
97,Ford,Endeavour,1,78000,2016,14,7,10.91,26.0,22.01,0,1,0,0
98,Jeep,Meridian,1,10000,2022,8,7,168.0,32.75,37.09,0,1,0,0
99,BMW,5,1,8519,2020,2,5,22.48,55.0,56.96,0,1,0,0
100,BMW,X1,1,4902,2022,1,5,12.585,43.5,37.9,0,1,0,0
101,Honda,City,1,90860,2016,8,5,12.585,6.88,7.29,0,1,0,0
102,Ford,EcoSport,2,54120,2017,10,5,23.0,5.99,7.09,0,1,0,0
103,Maruti,Suzuki,2,84784,2015,10,5,23.65,5.59,6.41,0,1,0,0
104,Renault,Duster,1,48000,2015,4,5,19.01,5.6,6.56,0,1,0,0
105,Ford,Endeavour,1,57000,2018,14,7,12.62,28.99,26.51,0,1,0,0
106,BMW,X1,1,4902,2022,1,5,12.585,43.5,37.9,0,1,0,0
107,Honda,City,1,90860,2016,8,5,12.585,6.88,7.29,0,1,0,0
108,Maruti,Suzuki,2,84784,2015,10,5,23.65,5.59,6.41,0,1,0,0
109,Ford,Endeavour,1,65000,2018,14,7,10.91,30.0,29.43,0,1,0,0
110,Toyota,Fortuner,2,137000,2013,14,7,12.55,14.0,14.17,0,1,0,0
111,BMW,X1,1,4902,2022,1,5,12.585,43.5,37.9,0,1,0,0
112,Honda,City,1,90860,2016,8,5,12.585,6.88,7.29,0,1,0,0
113,Maruti,Suzuki,2,84784,2015,10,5,23.65,5.59,6.41,0,1,0,0
114,Jaguar,XJ,2,20500,2017,8,5,12.9,48.25,58.99,0,1,0,0
115,Honda,Amaze,1,49000,2017,12,5,25.8,5.95,6.03,0,1,0,0
116,BMW,X1,1,4902,2022,1,5,12.585,43.5,37.9,0,1,0,0
117,Honda,City,1,90860,2016,8,5,12.585,6.88,7.29,0,1,0,0
118,Maruti,Suzuki,2,84784,2015,10,5,23.65,5.59,6.41,0,1,0,0
119,Mercedes-Benz,GLA,2,32869,2018,14,5,12.585,25.0,27.45,0,1,0,0
120,Mercedes-Benz,E-Class,2,66000,2014,4,5,326.0,13.45,13.89,0,1,0,0
121,BMW,X1,1,4902,2022,1,5,12.585,43.5,37.9,0,1,0,0
122,Honda,City,1,90860,2016,8,5,12.585,6.88,7.29,0,1,0,0
123,Ford,EcoSport,2,54120,2017,10,5,23.0,5.99,7.09,0,1,0,0
124,Hyundai,Santa,2,54000,2015,1,7,12.585,14.85,13.5,0,1,0,0
125,Toyota,Innova,1,30700,2021,3,7,15.6,27.95,28.47,0,1,0,0
126,Jeep,Meridian,1,10000,2022,8,7,168.0,32.75,37.09,0,1,0,0
127,BMW,X1,1,4902,2022,1,5,12.585,43.5,37.9,0,1,0,0
128,Honda,City,1,90860,2016,8,5,12.585,6.88,7.29,0,1,0,0
129,Ford,EcoSport,2,54120,2017,10,5,23.0,5.99,7.09,0,1,0,0
130,Maruti,Suzuki,2,84784,2015,10,5,23.65,5.59,6.41,0,1,0,0
131,Ford,Endeavour,1,41000,2020,14,7,13.9,33.25,33.17,0,1,0,0
132,Ford,Endeavour,1,66000,2021,14,7,12.4,34.99,36.12,0,1,0,0
133,BMW,X1,1,4902,2022,1,5,12.585,43.5,37.9,0,1,0,0
134,Honda,City,1,90860,2016,8,5,12.585,6.88,7.29,0,1,0,0
135,Maruti,Suzuki,1,91114,2014,10,5,23.4,5.52,4.73,0,1,0,0
136,Ford,Endeavour,1,78000,2016,14,7,10.91,26.0,22.01,0,1,0,0
137,Mercedes-Benz,GLE,1,54000,2017,14,5,12.585,42.75,47.73,0,1,0,0
138,Renault,Duster,1,69000,2014,6,5,19.87,5.75,5.63,0,1,0,0
139,Honda,City,1,90860,2016,8,5,12.585,6.88,7.29,0,1,0,0
140,Maruti,Suzuki,2,84784,2015,10,5,23.65,5.59,6.41,0,1,0,0
141,BMW,5,1,8519,2020,2,5,22.48,55.0,56.96,0,1,0,0
142,Mercedes-Benz,GLE,1,54000,2017,14,5,12.585,42.75,47.73,0,1,0,0
143,Mercedes-Benz,GLE,1,62000,2016,14,5,12.585,42.0,44.01,0,1,0,0
144,Audi,Q5,1,48392,2015,2,5,12.8,26.5,24.26,0,1,0,0
145,Audi,Q3,1,76500,2015,7,5,15.77,18.5,17.02,0,1,0,0
146,Maruti,Suzuki,1,47330,2017,14,5,24.29,7.95,7.8,0,1,0,0
147,BMW,X1,1,4902,2022,1,5,12.585,43.5,37.9,0,1,0,0
148,Ford,Endeavour,1,78000,2016,14,7,10.91,26.0,22.01,0,1,0,0
149,Audi,A4,1,61648,2017,12,5,12.585,26.5,28.15,0,1,0,0
150,BMW,X1,1,4902,2022,1,5,12.585,43.5,37.9,0,1,0,0
151,Honda,City,1,90860,2016,8,5,12.585,6.88,7.29,0,1,0,0
152,Maruti,Suzuki,2,84784,2015,10,5,23.65,5.59,6.41,0,1,0,0
153,Toyota,Fortuner,1,8000,2021,1,7,14.2,47.45,46.56,0,1,0,0
154,Audi,Q7,1,66990,2016,1,7,14.75,40.0,42.71,0,1,0,0
155,Land,Rover,1,30000,2018,14,5,12.585,1.11,1.09,0,1,0,0
156,BMW,X1,1,4902,2022,1,5,12.585,43.5,37.9,0,1,0,0
157,Honda,City,1,90860,2016,8,5,12.585,6.88,7.29,0,1,0,0
158,Ford,EcoSport,2,54120,2017,10,5,23.0,5.99,7.09,0,1,0,0
159,Maruti,Suzuki,2,84784,2015,10,5,23.65,5.59,6.41,0,1,0,0
160,Toyota,Innova,1,16500,2021,1,7,15.6,30.5,28.94,0,1,0,0
161,BMW,5,1,21000,2017,5,5,22.48,42.0,37.07,0,1,0,0
162,Mercedes-Benz,E-Class,2,94000,2011,11,5,12.585,9.25,11.4,0,1,0,0
163,Mercedes-Benz,C-Class,1,60000,2017,14,5,19.27,28.25,27.13,0,1,0,0
164,BMW,X1,1,4902,2022,1,5,12.585,43.5,37.9,0,1,0,0
165,Honda,City,1,90860,2016,8,5,12.585,6.88,7.29,0,1,0,0
166,Maruti,Suzuki,1,91114,2014,10,5,23.4,5.52,4.73,0,1,0,0
167,Renault,Duster,1,48000,2015,4,5,19.01,5.6,6.56,0,1,0,0
168,BMW,X1,1,4902,2022,1,5,12.585,43.5,37.9,0,1,0,0
169,Honda,City,1,90860,2016,8,5,12.585,6.88,7.29,0,1,0,0
170,Maruti,Suzuki,2,84784,2015,10,5,23.65,5.59,6.41,0,1,0,0
171,Mercedes-Benz,GLE,1,27000,2018,2,5,12.585,56.0,54.38,0,1,0,0
172,Toyota,Innova,1,16500,2021,1,7,15.6,30.5,28.94,0,1,0,0
173,BMW,X1,1,4902,2022,1,5,12.585,43.5,37.9,0,1,0,0
174,Honda,City,1,90860,2016,8,5,12.585,6.88,7.29,0,1,0,0
175,Maruti,Suzuki,2,84784,2015,10,5,23.65,5.59,6.41,0,1,0,0
176,Land,Rover,1,30000,2019,1,5,12.585,1.35,94.52,0,1,0,0
177,Ford,Endeavour,1,65000,2018,14,7,10.91,30.0,29.43,0,1,0,0
178,Renault,Lodgy,1,36298,2015,4,7,19.97999954,5.35,8.9,0,1,0,0
179,BMW,X1,1,4902,2022,1,5,12.585,43.5,37.9,0,1,0,0
180,Honda,City,1,90860,2016,8,5,12.585,6.88,7.29,0,1,0,0
181,Ford,EcoSport,2,54120,2017,10,5,23.0,5.99,7.09,0,1,0,0
182,Mercedes-Benz,GLE,1,54000,2017,14,5,12.585,42.75,47.73,0,1,0,0
183,Honda,Amaze,1,49000,2017,12,5,25.8,5.95,6.03,0,1,0,0
184,BMW,X1,1,4902,2022,1,5,12.585,43.5,37.9,0,1,0,0
185,Honda,City,1,90860,2016,8,5,12.585,6.88,7.29,0,1,0,0
186,Ford,EcoSport,2,54120,2017,10,5,23.0,5.99,7.09,0,1,0,0
187,Maruti,Suzuki,2,84784,2015,10,5,23.65,5.59,6.41,0,1,0,0
188,Ford,Endeavour,1,61000,2021,5,7,12.62,37.0,35.39,0,1,0,0
189,Toyota,Innova,1,16500,2021,1,7,15.6,30.5,28.94,0,1,0,0
190,BMW,X1,1,4902,2022,1,5,12.585,43.5,37.9,0,1,0,0
191,Honda,City,1,90860,2016,8,5,12.585,6.88,7.29,0,1,0,0
192,Maruti,Suzuki,1,91114,2014,10,5,23.4,5.52,4.73,0,1,0,0
193,Maruti,Suzuki,1,47330,2017,14,5,24.29,7.95,7.8,0,1,0,0
194,Jaguar,XJ,2,64000,2012,14,5,13.53,24.0,24.91,0,1,0,0
195,BMW,5,1,8519,2020,2,5,22.48,55.0,56.96,0,1,0,0
196,BMW,X1,1,4902,2022,1,5,12.585,43.5,37.9,0,1,0,0
197,Honda,City,1,90860,2016,8,5,12.585,6.88,7.29,0,1,0,0
198,Ford,EcoSport,2,54120,2017,10,5,23.0,5.99,7.09,0,1,0,0
199,Maruti,Suzuki,2,84784,2015,10,5,23.65,5.59,6.41,0,1,0,0
200,Mercedes-Benz,GLE,1,54000,2017,14,5,12.585,42.75,47.73,0,1,0,0
201,Land,Rover,3,76000,2015,14,5,12.585,42.75,47.73,0,1,0,0
202,Mercedes-Benz,GLE,1,54000,2017,14,5,12.585,42.75,47.73,0,1,0,0
203,Toyota,Fortuner,1,100000,2017,4,7,12.9,29.99,28.93,0,1,0,0
204,Mercedes-Benz,GL,2,190000,2014,14,7,12.585,31.0,32.0,0,1,0,0
205,BMW,X1,1,4902,2022,1,5,12.585,43.5,37.9,0,1,0,0
206,Honda,City,1,90860,2016,8,5,12.585,6.88,7.29,0,1,0,0
207,Ford,EcoSport,2,54120,2017,10,5,23.0,5.99,7.09,0,1,0,0
208,BMW,3,2,41000,2017,14,5,21.76,26.5,31.47,0,1,0,0
209,Land,Rover,1,30000,2019,1,5,12.585,1.35,94.52,0,1,0,0
210,Mercedes-Benz,E-Class,2,48000,2013,1,5,14.2,17.5,15.9,0,1,0,0
211,BMW,X1,1,4902,2022,1,5,12.585,43.5,37.9,0,1,0,0
212,Honda,City,1,90860,2016,8,5,12.585,6.88,7.29,0,1,0,0
213,Ford,EcoSport,2,54120,2017,10,5,23.0,5.99,7.09,0,1,0,0
214,Maruti,Suzuki,1,91114,2014,10,5,23.4,5.52,4.73,0,1,0,0
215,Audi,Q3,1,76500,2015,7,5,15.77,18.5,17.02,0,1,0,0
216,Mercedes-Benz,GLE,1,27000,2018,2,5,12.585,56.0,54.38,0,1,0,0
217,Mercedes-Benz,GLE,1,54000,2017,14,5,12.585,42.75,47.73,0,1,0,0
218,BMW,X1,1,4902,2022,1,5,12.585,43.5,37.9,0,1,0,0
219,Ford,EcoSport,2,54120,2017,10,5,23.0,5.99,7.09,0,1,0,0
220,Maruti,Suzuki,1,91114,2014,10,5,23.4,5.52,4.73,0,1,0,0
221,Mercedes-Benz,E-Class,2,94000,2011,11,5,12.585,9.25,11.4,0,1,0,0
222,Audi,Q3,1,76500,2015,7,5,15.77,18.5,17.02,0,1,0,0
223,BMW,X1,1,4902,2022,1,5,12.585,43.5,37.9,0,1,0,0
224,Honda,City,1,90860,2016,8,5,12.585,6.88,7.29,0,1,0,0
225,Ford,EcoSport,2,54120,2017,10,5,23.0,5.99,7.09,0,1,0,0
226,Maruti,Suzuki,2,84784,2015,10,5,23.65,5.59,6.41,0,1,0,0
227,Mercedes-Benz,GLE,1,54000,2017,14,5,12.585,42.75,47.73,0,1,0,0
228,Honda,City,1,90860,2016,8,5,12.585,6.88,7.29,0,1,0,0
229,Jeep,Meridian,1,6000,2022,12,7,168.0,38.95,37.68,0,1,0,0
230,Mahindra,XUV500,2,59199,2017,14,7,16.0,10.75,11.11,0,1,0,0
231,Honda,City,1,90860,2016,8,5,12.585,6.88,7.29,0,1,0,0
232,Maruti,Suzuki,2,84784,2015,10,5,23.65,5.59,6.41,0,1,0,0
233,Renault,Duster,1,48000,2015,4,5,19.01,5.6,6.56,0,1,0,0
234,BMW,X1,1,4902,2022,1,5,12.585,43.5,37.9,0,1,0,0
235,Honda,City,1,90860,2016,8,5,12.585,6.88,7.29,0,1,0,0
236,Ford,EcoSport,2,54120,2017,10,5,23.0,5.99,7.09,0,1,0,0
237,Maruti,Suzuki,1,91114,2014,10,5,23.4,5.52,4.73,0,1,0,0
238,Mercedes-Benz,GLE,1,27000,2018,2,5,12.585,56.0,54.38,0,1,0,0
239,Skoda,Octavia,1,55000,2015,0,5,19.3,8.95,9.2,0,1,0,0
240,BMW,X1,1,4902,2022,1,5,12.585,43.5,37.9,0,1,0,0
241,Honda,City,1,90860,2016,8,5,12.585,6.88,7.29,0,1,0,0
242,Ford,EcoSport,2,54120,2017,10,5,23.0,5.99,7.09,0,1,0,0
243,Maruti,Suzuki,2,84784,2015,10,5,23.65,5.59,6.41,0,1,0,0
244,Tata,Harrier,1,38000,2021,1,5,14.63,21.85,18.91,0,1,0,0
245,Volkswagen,Passat,1,42799,2018,7,5,17.42,21.5,26.34,0,1,0,0
246,Mercedes-Benz,GL,2,89000,2014,13,7,12.585,31.0,32.83,0,1,0,0
247,Toyota,Innova,1,75820,2015,13,8,12.585,11.11,10.97,0,1,0,0
248,BMW,X1,1,4902,2022,1,5,12.585,43.5,37.9,0,1,0,0
249,Maruti,Suzuki,2,84784,2015,10,5,23.65,5.59,6.41,0,1,0,0
250,Ford,Endeavour,1,61000,2021,5,7,12.62,37.0,35.39,0,1,0,0
251,Toyota,Innova,1,16500,2021,1,7,15.6,30.5,28.94,0,1,0,0
252,Mercedes-Benz,GLA,1,23000,2019,2,5,12.585,30.0,30.32,0,1,0,0
253,BMW,X1,1,4902,2022,1,5,12.585,43.5,37.9,0,1,0,0
254,Honda,City,1,90860,2016,8,5,12.585,6.88,7.29,0,1,0,0
255,Ford,EcoSport,2,54120,2017,10,5,23.0,5.99,7.09,0,1,0,0
256,Maruti,Suzuki,2,84784,2015,10,5,23.65,5.59,6.41,0,1,0,0
257,Skoda,Octavia,1,55000,2015,0,5,19.3,8.95,9.2,0,1,0,0
258,BMW,3,2,41000,2017,14,5,21.76,26.5,31.47,0,1,0,0
259,Audi,Q7,1,52000,2015,7,7,12.07,43.0,29.61,0,1,0,0
260,BMW,X1,1,4902,2022,1,5,12.585,43.5,37.9,0,1,0,0
261,Honda,City,1,90860,2016,8,5,12.585,6.88,7.29,0,1,0,0
262,Ford,EcoSport,2,54120,2017,10,5,23.0,5.99,7.09,0,1,0,0
263,Maruti,Suzuki,1,91114,2014,10,5,23.4,5.52,4.73,0,1,0,0
264,Land,Rover,1,30000,2019,1,5,12.585,1.35,94.52,0,1,0,0
265,Ford,Endeavour,1,61000,2021,5,7,12.62,37.0,35.39,0,1,0,0
266,Ford,Figo,1,64983,2013,12,5,20.0,2.99,2.76,0,1,0,0
267,BMW,X1,1,4902,2022,1,5,12.585,43.5,37.9,0,1,0,0
268,Honda,City,1,90860,2016,8,5,12.585,6.88,7.29,0,1,0,0
269,Ford,EcoSport,2,54120,2017,10,5,23.0,5.99,7.09,0,1,0,0
270,Maruti,Suzuki,1,91114,2014,10,5,23.4,5.52,4.73,0,1,0,0
271,Mahindra,XUV500,2,59199,2017,14,7,16.0,10.75,11.11,0,1,0,0
272,Renault,Lodgy,1,36298,2015,4,7,19.97999954,5.35,8.9,0,1,0,0
273,Mercedes-Benz,GLE,1,54000,2017,14,5,12.585,42.75,47.73,0,1,0,0
274,BMW,7,1,47000,2017,14,4,11.1,64.5,62.7,0,1,0,0
275,Volkswagen,Passat,1,42799,2018,7,5,17.42,21.5,26.34,0,1,0,0
276,BMW,X1,1,4902,2022,1,5,12.585,43.5,37.9,0,1,0,0
277,Honda,City,1,90860,2016,8,5,12.585,6.88,7.29,0,1,0,0
278,Maruti,Suzuki,2,84784,2015,10,5,23.65,5.59,6.41,0,1,0,0
279,Ford,Endeavour,1,78000,2016,14,7,10.91,26.0,22.01,0,1,0,0
280,Ford,Endeavour,1,61000,2021,5,7,12.62,37.0,35.39,0,1,0,0
281,Toyota,Fortuner,1,100000,2017,4,7,12.9,29.99,28.93,0,1,0,0
282,BMW,X1,1,4902,2022,1,5,12.585,43.5,37.9,0,1,0,0
283,Honda,City,1,90860,2016,8,5,12.585,6.88,7.29,0,1,0,0
284,Ford,EcoSport,2,54120,2017,10,5,23.0,5.99,7.09,0,1,0,0
285,Ford,Endeavour,1,78000,2016,14,7,10.91,26.0,22.01,0,1,0,0
286,Audi,A4,1,61648,2017,12,5,12.585,26.5,28.15,0,1,0,0
287,Maruti,Suzuki,1,47330,2017,14,5,24.29,7.95,7.8,0,1,0,0
288,BMW,X1,1,4902,2022,1,5,12.585,43.5,37.9,0,1,0,0
289,Honda,City,1,90860,2016,8,5,12.585,6.88,7.29,0,1,0,0
290,Maruti,Suzuki,2,84784,2015,10,5,23.65,5.59,6.41,0,1,0,0
291,Mercedes-Benz,GLA,2,32869,2018,14,5,12.585,25.0,27.45,0,1,0,0
292,Maruti,Suzuki,1,47330,2017,14,5,24.29,7.95,7.8,0,1,0,0
293,Land,Rover,2,92000,2015,14,7,12.585,25.15,23.62,0,1,0,0
294,Jeep,Meridian,1,6000,2022,12,7,168.0,38.95,37.68,0,1,0,0
295,Audi,A6[2011-2015],2,59000,2014,14,5,16.66,13.5,16.53,0,1,0,0
296,BMW,X1,1,4902,2022,1,5,12.585,43.5,37.9,0,1,0,0
297,Maruti,Suzuki,2,84784,2015,10,5,23.65,5.59,6.41,0,1,0,0
0,Maruti,Suzuki,1,49870,2020,14,5,30.47,5.6,5.8,1,0,0,0
1,Maruti,Suzuki,1,23329,2021,9,4,78.0,5.74,5.85,1,0,0,0
2,Maruti,Suzuki,2,32530,2021,7,5,32.52,5.74,5.85,1,0,0,0
3,Maruti,Suzuki,1,54674,2012,10,5,32.52,2.79,2.8,1,0,0,0
4,Maruti,Suzuki,1,49870,2020,14,5,30.47,5.6,5.8,1,0,0,0
5,Maruti,Suzuki,1,23329,2021,9,4,78.0,5.74,5.85,1,0,0,0
6,Maruti,Suzuki,2,32530,2021,7,5,32.52,5.74,5.85,1,0,0,0
7,Maruti,Suzuki,1,54674,2012,10,5,32.52,2.79,2.8,1,0,0,0
8,Maruti,Suzuki,1,28000,2014,7,7,22.8,7.0,6.76,1,0,0,0
9,Maruti,Suzuki,1,49870,2020,14,5,30.47,5.6,5.8,1,0,0,0
10,Maruti,Suzuki,1,23329,2021,9,4,78.0,5.74,5.85,1,0,0,0
11,Maruti,Suzuki,2,32530,2021,7,5,32.52,5.74,5.85,1,0,0,0
12,Maruti,Suzuki,1,54674,2012,10,5,32.52,2.79,2.8,1,0,0,0
13,Maruti,Suzuki,1,23329,2021,9,4,78.0,5.74,5.85,1,0,0,0
14,Maruti,Suzuki,2,32530,2021,7,5,32.52,5.74,5.85,1,0,0,0
15,Maruti,Suzuki,1,23329,2021,9,4,78.0,5.74,5.85,1,0,0,0
16,Maruti,Suzuki,2,32530,2021,7,5,32.52,5.74,5.85,1,0,0,0
17,Maruti,Suzuki,1,54674,2012,10,5,32.52,2.79,2.8,1,0,0,0
18,Maruti,Suzuki,1,55411,2015,7,5,58.0,4.25,4.07,1,0,0,0
19,Maruti,Suzuki,1,86077,2013,2,5,32.52,3.21,3.06,1,0,0,0
20,Maruti,Suzuki,1,49870,2020,14,5,30.47,5.6,5.8,1,0,0,0
21,Maruti,Suzuki,1,23329,2021,9,4,78.0,5.74,5.85,1,0,0,0
22,Maruti,Suzuki,2,32530,2021,7,5,32.52,5.74,5.85,1,0,0,0
23,Maruti,Suzuki,1,54674,2012,10,5,32.52,2.79,2.8,1,0,0,0
24,Maruti,Suzuki,1,49870,2020,14,5,30.47,5.6,5.8,1,0,0,0
25,Maruti,Suzuki,1,23329,2021,9,4,78.0,5.74,5.85,1,0,0,0
26,Maruti,Suzuki,2,32530,2021,7,5,32.52,5.74,5.85,1,0,0,0
27,Maruti,Suzuki,1,54674,2012,10,5,32.52,2.79,2.8,1,0,0,0
28,Maruti,Suzuki,1,23329,2021,9,4,78.0,5.74,5.85,1,0,0,0
29,Maruti,Suzuki,2,32530,2021,7,5,32.52,5.74,5.85,1,0,0,0
30,Maruti,Suzuki,1,54674,2012,10,5,32.52,2.79,2.8,1,0,0,0
31,Maruti,Suzuki,1,49870,2020,14,5,30.47,5.6,5.8,1,0,0,0
32,Maruti,Suzuki,2,32530,2021,7,5,32.52,5.74,5.85,1,0,0,0
33,Maruti,Suzuki,1,54674,2012,10,5,32.52,2.79,2.8,1,0,0,0
34,Maruti,Suzuki,1,49870,2020,14,5,30.47,5.6,5.8,1,0,0,0
35,Maruti,Suzuki,1,23329,2021,9,4,78.0,5.74,5.85,1,0,0,0
36,Maruti,Suzuki,2,32530,2021,7,5,32.52,5.74,5.85,1,0,0,0
37,Maruti,Suzuki,1,54674,2012,10,5,32.52,2.79,2.8,1,0,0,0
38,Hyundai,Aura,1,24009,2021,7,5,28.0,7.6,8.22,1,0,0,0
39,Maruti,Suzuki,1,49870,2020,14,5,30.47,5.6,5.8,1,0,0,0
40,Maruti,Suzuki,1,23329,2021,9,4,78.0,5.74,5.85,1,0,0,0
41,Maruti,Suzuki,2,32530,2021,7,5,32.52,5.74,5.85,1,0,0,0
42,Maruti,Suzuki,1,49870,2020,14,5,30.47,5.6,5.8,1,0,0,0
43,Maruti,Suzuki,1,23329,2021,9,4,78.0,5.74,5.85,1,0,0,0
44,Maruti,Suzuki,1,54674,2012,10,5,32.52,2.79,2.8,1,0,0,0
45,Maruti,Suzuki,1,49870,2020,14,5,30.47,5.6,5.8,1,0,0,0
46,Maruti,Suzuki,1,23329,2021,9,4,78.0,5.74,5.85,1,0,0,0
47,Maruti,Suzuki,2,32530,2021,7,5,32.52,5.74,5.85,1,0,0,0
48,Maruti,Suzuki,1,23329,2021,9,4,78.0,5.74,5.85,1,0,0,0
49,Maruti,Suzuki,2,32530,2021,7,5,32.52,5.74,5.85,1,0,0,0
50,Maruti,Suzuki,1,49870,2020,14,5,30.47,5.6,5.8,1,0,0,0
51,Maruti,Suzuki,1,49870,2020,14,5,30.47,5.6,5.8,1,0,0,0
52,Maruti,Suzuki,1,23329,2021,9,4,78.0,5.74,5.85,1,0,0,0
53,Maruti,Suzuki,2,32530,2021,7,5,32.52,5.74,5.85,1,0,0,0
54,Maruti,Suzuki,1,86077,2013,2,5,32.52,3.21,3.06,1,0,0,0
55,Maruti,Suzuki,1,49870,2020,14,5,30.47,5.6,5.8,1,0,0,0
56,Maruti,Suzuki,1,23329,2021,9,4,78.0,5.74,5.85,1,0,0,0
57,Maruti,Suzuki,2,32530,2021,7,5,32.52,5.74,5.85,1,0,0,0
58,Maruti,Suzuki,1,54674,2012,10,5,32.52,2.79,2.8,1,0,0,0
59,Maruti,Suzuki,1,23329,2021,9,4,78.0,5.74,5.85,1,0,0,0
60,Maruti,Suzuki,2,32530,2021,7,5,32.52,5.74,5.85,1,0,0,0
61,Maruti,Suzuki,1,54674,2012,10,5,32.52,2.79,2.8,1,0,0,0
62,Maruti,Suzuki,1,23329,2021,9,4,78.0,5.74,5.85,1,0,0,0
63,Maruti,Suzuki,1,49870,2020,14,5,30.47,5.6,5.8,1,0,0,0
64,Maruti,Suzuki,1,54674,2012,10,5,32.52,2.79,2.8,1,0,0,0
65,Maruti,Suzuki,1,23329,2021,9,4,78.0,5.74,5.85,1,0,0,0
66,Maruti,Suzuki,2,32530,2021,7,5,32.52,5.74,5.85,1,0,0,0
67,Maruti,Suzuki,1,49870,2020,14,5,30.47,5.6,5.8,1,0,0,0
68,Maruti,Suzuki,1,54674,2012,10,5,32.52,2.79,2.8,1,0,0,0
69,Maruti,Suzuki,1,23329,2021,9,4,78.0,5.74,5.85,1,0,0,0
70,Maruti,Suzuki,2,32530,2021,7,5,32.52,5.74,5.85,1,0,0,0
71,Maruti,Suzuki,1,49870,2020,14,5,30.47,5.6,5.8,1,0,0,0
72,Maruti,Suzuki,1,54674,2012,10,5,32.52,2.79,2.8,1,0,0,0
73,Maruti,Suzuki,1,23329,2021,9,4,78.0,5.74,5.85,1,0,0,0
74,Maruti,Suzuki,2,32530,2021,7,5,32.52,5.74,5.85,1,0,0,0
75,Maruti,Suzuki,1,54674,2012,10,5,32.52,2.79,2.8,1,0,0,0
76,Maruti,Suzuki,1,49870,2020,14,5,30.47,5.6,5.8,1,0,0,0
77,Maruti,Suzuki,2,32530,2021,7,5,32.52,5.74,5.85,1,0,0,0
78,Maruti,Suzuki,1,55411,2015,7,5,58.0,4.25,4.07,1,0,0,0
79,Maruti,Suzuki,1,23329,2021,9,4,78.0,5.74,5.85,1,0,0,0
80,Maruti,Suzuki,1,54674,2012,10,5,32.52,2.79,2.8,1,0,0,0
81,Maruti,Suzuki,1,65000,2013,4,5,58.0,3.25,3.6,1,0,0,0
82,Maruti,Suzuki,1,49870,2020,14,5,30.47,5.6,5.8,1,0,0,0
83,Maruti,Suzuki,1,23329,2021,9,4,78.0,5.74,5.85,1,0,0,0
84,Maruti,Suzuki,2,32530,2021,7,5,32.52,5.74,5.85,1,0,0,0
85,Maruti,Suzuki,1,54674,2012,10,5,32.52,2.79,2.8,1,0,0,0
86,Maruti,Suzuki,1,55411,2015,7,5,58.0,4.25,4.07,1,0,0,0
87,Maruti,Suzuki,1,49870,2020,14,5,30.47,5.6,5.8,1,0,0,0
88,Maruti,Suzuki,1,23329,2021,9,4,78.0,5.74,5.85,1,0,0,0
89,Maruti,Suzuki,1,54674,2012,10,5,32.52,2.79,2.8,1,0,0,0
90,Maruti,Suzuki,1,23329,2021,9,4,78.0,5.74,5.85,1,0,0,0
91,Maruti,Suzuki,2,32530,2021,7,5,32.52,5.74,5.85,1,0,0,0
92,Maruti,Suzuki,1,49870,2020,14,5,30.47,5.6,5.8,1,0,0,0
93,Maruti,Suzuki,1,54674,2012,10,5,32.52,2.79,2.8,1,0,0,0
94,Maruti,Suzuki,1,49870,2020,14,5,30.47,5.6,5.8,1,0,0,0
95,Maruti,Suzuki,1,23329,2021,9,4,78.0,5.74,5.85,1,0,0,0
96,Maruti,Suzuki,2,32530,2021,7,5,32.52,5.74,5.85,1,0,0,0
97,Maruti,Suzuki,1,54674,2012,10,5,32.52,2.79,2.8,1,0,0,0
98,Maruti,Suzuki,1,49870,2020,14,5,30.47,5.6,5.8,1,0,0,0
99,Maruti,Suzuki,1,23329,2021,9,4,78.0,5.74,5.85,1,0,0,0
100,Maruti,Suzuki,2,32530,2021,7,5,32.52,5.74,5.85,1,0,0,0
101,Maruti,Suzuki,1,23329,2021,9,4,78.0,5.74,5.85,1,0,0,0
102,Maruti,Suzuki,2,32530,2021,7,5,32.52,5.74,5.85,1,0,0,0
103,Maruti,Suzuki,1,49870,2020,14,5,30.47,5.6,5.8,1,0,0,0
104,Maruti,Suzuki,1,54674,2012,10,5,32.52,2.79,2.8,1,0,0,0
105,Maruti,Suzuki,1,86077,2013,2,5,32.52,3.21,3.06,1,0,0,0
106,Maruti,Suzuki,1,23329,2021,9,4,78.0,5.74,5.85,1,0,0,0
107,Maruti,Suzuki,2,32530,2021,7,5,32.52,5.74,5.85,1,0,0,0
108,Maruti,Suzuki,1,49870,2020,14,5,30.47,5.6,5.8,1,0,0,0
109,Maruti,Suzuki,1,54674,2012,10,5,32.52,2.79,2.8,1,0,0,0
110,Maruti,Suzuki,1,49870,2020,14,5,30.47,5.6,5.8,1,0,0,0
111,Maruti,Suzuki,2,32530,2021,7,5,32.52,5.74,5.85,1,0,0,0
112,Maruti,Suzuki,2,75000,2013,7,5,32.52,3.25,2.91,1,0,0,0
113,Maruti,Suzuki,1,28000,2014,7,7,22.8,7.0,6.76,1,0,0,0
114,Maruti,Suzuki,1,49870,2020,14,5,30.47,5.6,5.8,1,0,0,0
115,Maruti,Suzuki,2,32530,2021,7,5,32.52,5.74,5.85,1,0,0,0
116,Maruti,Suzuki,1,54674,2012,10,5,32.52,2.79,2.8,1,0,0,0
117,Maruti,Suzuki,1,49870,2020,14,5,30.47,5.6,5.8,1,0,0,0
118,Maruti,Suzuki,1,23329,2021,9,4,78.0,5.74,5.85,1,0,0,0
119,Maruti,Suzuki,2,32530,2021,7,5,32.52,5.74,5.85,1,0,0,0
120,Maruti,Suzuki,1,54674,2012,10,5,32.52,2.79,2.8,1,0,0,0
121,Maruti,Suzuki,1,49870,2020,14,5,30.47,5.6,5.8,1,0,0,0
122,Maruti,Suzuki,1,23329,2021,9,4,78.0,5.74,5.85,1,0,0,0
123,Maruti,Suzuki,2,32530,2021,7,5,32.52,5.74,5.85,1,0,0,0
124,Maruti,Suzuki,1,54674,2012,10,5,32.52,2.79,2.8,1,0,0,0
125,Maruti,Suzuki,1,49870,2020,14,5,30.47,5.6,5.8,1,0,0,0
126,Maruti,Suzuki,1,23329,2021,9,4,78.0,5.74,5.85,1,0,0,0
127,Maruti,Suzuki,2,32530,2021,7,5,32.52,5.74,5.85,1,0,0,0
128,Maruti,Suzuki,1,54674,2012,10,5,32.52,2.79,2.8,1,0,0,0
129,Maruti,Suzuki,1,78327,2015,5,5,58.0,3.85,4.0,1,0,0,0
130,Maruti,Suzuki,1,49870,2020,14,5,30.47,5.6,5.8,1,0,0,0
131,Maruti,Suzuki,1,23329,2021,9,4,78.0,5.74,5.85,1,0,0,0
132,Maruti,Suzuki,2,32530,2021,7,5,32.52,5.74,5.85,1,0,0,0
133,Maruti,Suzuki,1,54674,2012,10,5,32.52,2.79,2.8,1,0,0,0
134,Maruti,Suzuki,1,28000,2014,7,7,22.8,7.0,6.76,1,0,0,0
135,Maruti,Suzuki,1,23329,2021,9,4,78.0,5.74,5.85,1,0,0,0
136,Maruti,Suzuki,2,32530,2021,7,5,32.52,5.74,5.85,1,0,0,0
137,Maruti,Suzuki,1,54674,2012,10,5,32.52,2.79,2.8,1,0,0,0
138,Maruti,Suzuki,1,49870,2020,14,5,30.47,5.6,5.8,1,0,0,0
139,Maruti,Suzuki,1,23329,2021,9,4,78.0,5.74,5.85,1,0,0,0
140,Maruti,Suzuki,2,32530,2021,7,5,32.52,5.74,5.85,1,0,0,0
141,Maruti,Suzuki,1,54674,2012,10,5,32.52,2.79,2.8,1,0,0,0
142,Maruti,Suzuki,1,65000,2013,4,5,58.0,3.25,3.6,1,0,0,0
143,Maruti,Suzuki,1,23329,2021,9,4,78.0,5.74,5.85,1,0,0,0
144,Maruti,Suzuki,2,32530,2021,7,5,32.52,5.74,5.85,1,0,0,0
145,Maruti,Suzuki,1,54674,2012,10,5,32.52,2.79,2.8,1,0,0,0
146,Maruti,Suzuki,1,49870,2020,14,5,30.47,5.6,5.8,1,0,0,0
147,Maruti,Suzuki,1,23329,2021,9,4,78.0,5.74,5.85,1,0,0,0
148,Maruti,Suzuki,2,32530,2021,7,5,32.52,5.74,5.85,1,0,0,0
149,Maruti,Suzuki,1,54674,2012,10,5,32.52,2.79,2.8,1,0,0,0
150,Maruti,Suzuki,1,49870,2020,14,5,30.47,5.6,5.8,1,0,0,0
151,Maruti,Suzuki,2,32530,2021,7,5,32.52,5.74,5.85,1,0,0,0
152,Maruti,Suzuki,2,75000,2013,7,5,32.52,3.25,2.91,1,0,0,0
153,Maruti,Suzuki,1,49870,2020,14,5,30.47,5.6,5.8,1,0,0,0
154,Maruti,Suzuki,1,23329,2021,9,4,78.0,5.74,5.85,1,0,0,0
155,Maruti,Suzuki,2,32530,2021,7,5,32.52,5.74,5.85,1,0,0,0
156,Maruti,Suzuki,1,54674,2012,10,5,32.52,2.79,2.8,1,0,0,0
157,Maruti,Suzuki,1,65000,2013,4,5,58.0,3.25,3.6,1,0,0,0
158,Maruti,Suzuki,1,49870,2020,14,5,30.47,5.6,5.8,1,0,0,0
159,Maruti,Suzuki,1,23329,2021,9,4,78.0,5.74,5.85,1,0,0,0
160,Maruti,Suzuki,2,32530,2021,7,5,32.52,5.74,5.85,1,0,0,0
161,Maruti,Suzuki,1,54674,2012,10,5,32.52,2.79,2.8,1,0,0,0
162,Maruti,Suzuki,1,49870,2020,14,5,30.47,5.6,5.8,1,0,0,0
163,Maruti,Suzuki,1,23329,2021,9,4,78.0,5.74,5.85,1,0,0,0
164,Maruti,Suzuki,2,32530,2021,7,5,32.52,5.74,5.85,1,0,0,0
165,Maruti,Suzuki,1,54674,2012,10,5,32.52,2.79,2.8,1,0,0,0
166,Maruti,Suzuki,1,49870,2020,14,5,30.47,5.6,5.8,1,0,0,0
167,Maruti,Suzuki,1,23329,2021,9,4,78.0,5.74,5.85,1,0,0,0
168,Maruti,Suzuki,2,32530,2021,7,5,32.52,5.74,5.85,1,0,0,0
169,Maruti,Suzuki,1,54674,2012,10,5,32.52,2.79,2.8,1,0,0,0
170,Maruti,Suzuki,1,49870,2020,14,5,30.47,5.6,5.8,1,0,0,0
171,Maruti,Suzuki,1,23329,2021,9,4,78.0,5.74,5.85,1,0,0,0
172,Maruti,Suzuki,2,32530,2021,7,5,32.52,5.74,5.85,1,0,0,0
173,Maruti,Suzuki,1,54674,2012,10,5,32.52,2.79,2.8,1,0,0,0
174,Maruti,Suzuki,1,23329,2021,9,4,78.0,5.74,5.85,1,0,0,0
175,Maruti,Suzuki,2,32530,2021,7,5,32.52,5.74,5.85,1,0,0,0
176,Maruti,Suzuki,1,49870,2020,14,5,30.47,5.6,5.8,1,0,0,0
177,Maruti,Suzuki,1,54674,2012,10,5,32.52,2.79,2.8,1,0,0,0
178,Maruti,Suzuki,1,49870,2020,14,5,30.47,5.6,5.8,1,0,0,0
179,Maruti,Suzuki,1,23329,2021,9,4,78.0,5.74,5.85,1,0,0,0
180,Maruti,Suzuki,2,32530,2021,7,5,32.52,5.74,5.85,1,0,0,0
181,Maruti,Suzuki,1,54674,2012,10,5,32.52,2.79,2.8,1,0,0,0
182,Maruti,Suzuki,1,65000,2013,4,5,58.0,3.25,3.6,1,0,0,0
183,Maruti,Suzuki,1,23329,2021,9,4,78.0,5.74,5.85,1,0,0,0
184,Maruti,Suzuki,1,54674,2012,10,5,32.52,2.79,2.8,1,0,0,0
185,Maruti,Suzuki,1,49870,2020,14,5,30.47,5.6,5.8,1,0,0,0
186,Maruti,Suzuki,1,23329,2021,9,4,78.0,5.74,5.85,1,0,0,0
187,Maruti,Suzuki,2,32530,2021,7,5,32.52,5.74,5.85,1,0,0,0
188,Maruti,Suzuki,1,54674,2012,10,5,32.52,2.79,2.8,1,0,0,0
0,MG,ZS,1,7500,2021,2,5,340.0,23.0,23.6,0,0,1,0
1,BMW,iX,0,2750,2022,1,5,326.0,2.95,3.38,0,0,1,0
2,Tata,Nexon,1,20000,2021,6,5,127.0,15.25,15.63,0,0,1,0
3,Tata,Nexon,1,20000,2021,6,5,127.0,15.25,15.63,0,0,1,0
4,MG,ZS,1,7500,2021,2,5,340.0,23.0,23.6,0,0,1,0
5,Tata,Nexon,1,5000,2022,1,5,127.0,15.75,14.99,0,0,1,0
6,MG,ZS,1,7500,2021,2,5,340.0,23.0,23.6,0,0,1,0
7,MG,ZS,1,7500,2021,2,5,340.0,23.0,23.6,0,0,1,0
8,Tata,Nexon,1,5000,2022,1,5,127.0,15.75,14.99,0,0,1,0
9,BMW,iX,0,2750,2022,1,5,326.0,13.45,13.89,0,0,1,0
10,Tata,Nexon,1,20000,2021,6,5,127.0,15.25,15.63,0,0,1,0
11,MG,ZS,1,7500,2021,2,5,340.0,23.0,23.6,0,0,1,0
12,BMW,iX,0,2750,2022,1,5,326.0,32.75,37.09,0,0,1,0
13,BMW,iX,0,2750,2022,1,5,326.0,6.95,6.68,0,0,1,0
14,Tata,Nexon,1,20000,2021,6,5,127.0,15.25,15.63,0,0,1,0
15,MG,ZS,1,7500,2021,2,5,340.0,23.0,23.6,0,0,1,0
16,MG,ZS,1,7500,2021,2,5,340.0,23.0,23.6,0,0,1,0
17,Tata,Nexon,1,3900,2022,1,5,127.0,15.45,15.0,0,0,1,0
18,BMW,iX,0,2750,2022,1,5,326.0,6.35,6.52,0,0,1,0
19,BMW,iX,0,2750,2022,1,5,326.0,7.45,8.44,0,0,1,0
20,Tata,Nexon,1,20000,2021,6,5,127.0,15.25,15.63,0,0,1,0
21,Tata,Nexon,1,20000,2021,6,5,127.0,15.25,15.63,0,0,1,0
22,MG,ZS,1,7500,2021,2,5,340.0,23.0,23.6,0,0,1,0
23,Tata,Nexon,1,20000,2021,6,5,127.0,15.25,15.63,0,0,1,0
